Wähler;Ungültige;Ungültige;SPD;SPD;CDU;CDU;FDP;FDP;DIE LINKE;DIE LINKE;GRÜNE;GRÜNE;CSU;CSU;NPD;NPD;REP;REP;FAMILIE;FAMILIE;Die Tierschutzpartei;Die Tierschutzpartei;PBC;PBC;MLPD;MLPD;BüSo;BüSo;BP;BP;PSG;PSG;Volksabstimmung;Volksabstimmung;ZENTRUM;ZENTRUM;ADM;ADM;CM;CM;DKP;DKP;DVU;DVU;DIE VIOLETTEN;DIE VIOLETTEN;FWD;FWD;ödp;ödp;PIRATEN;PIRATEN;RRP;RRP;RENTNER;RENTNER;Freie Union;Freie Union;Übrige;Übrige
;Erststimmen;Zweitstimmen;Erststimmen;Zweitstimmen;Erststimmen;Zweitstimmen;Erststimmen;Zweitstimmen;Erststimmen;Zweitstimmen;Erststimmen;Zweitstimmen;Erststimmen;Zweitstimmen;Erststimmen;Zweitstimmen;Erststimmen;Zweitstimmen;Erststimmen;Zweitstimmen;Erststimmen;Zweitstimmen;Erststimmen;Zweitstimmen;Erststimmen;Zweitstimmen;Erststimmen;Zweitstimmen;Erststimmen;Zweitstimmen;Erststimmen;Zweitstimmen;Erststimmen;Zweitstimmen;Erststimmen;Zweitstimmen;Erststimmen;Zweitstimmen;Erststimmen;Zweitstimmen;Erststimmen;Zweitstimmen;Erststimmen;Zweitstimmen;Erststimmen;Zweitstimmen;Erststimmen;Zweitstimmen;Erststimmen;Zweitstimmen;Erststimmen;Zweitstimmen;Erststimmen;Zweitstimmen;Erststimmen;Zweitstimmen;Erststimmen;Zweitstimmen;Erststimmen;Zweitstimmen
163329;4117;4181;52139;41793;61793;51068;15292;24187;11918;13481;16399;21967;0;0;1302;1240;0;0;0;0;0;0;0;0;0;47;0;0;0;0;0;0;0;0;369;0;0;0;0;0;0;0;0;159;0;0;0;0;0;0;0;3385;0;0;0;1821;0;0;0;0
134671;3382;3218;36642;32239;56751;47947;15184;22605;8208;8836;12840;14927;0;0;1231;1126;0;0;0;0;0;0;0;0;0;53;0;0;0;0;0;0;0;0;0;0;0;0;0;0;0;0;0;194;0;0;0;0;0;0;0;2233;0;0;0;1293;0;0;433;0
128320;3348;3030;37277;31282;49779;43480;16037;21970;8896;9808;10665;12899;0;0;1603;1512;0;0;0;0;0;0;0;0;0;44;0;0;0;0;0;0;0;0;0;0;0;0;0;0;0;0;0;142;0;0;0;0;0;0;0;2549;0;0;0;1604;0;0;715;0
150018;3404;3026;47610;39253;58876;49789;14317;23442;8729;9821;14790;18751;0;0;1344;1220;0;0;0;0;0;0;0;0;0;55;0;0;0;0;0;0;0;0;0;0;0;0;0;0;0;0;0;136;0;0;0;0;0;0;0;2985;0;0;0;1540;0;0;948;0
145483;3442;2263;54398;42369;42733;36397;12188;19156;11817;13430;18699;24659;0;0;1392;1275;0;0;0;0;0;0;0;0;0;80;0;0;0;0;0;0;0;0;0;0;0;0;0;0;0;0;0;139;0;0;0;0;0;0;0;4267;0;0;0;1448;0;0;814;0
127971;3292;3031;41683;35557;48136;40110;12515;19772;7871;8936;12187;15701;0;0;1363;1315;0;0;0;0;0;0;0;0;0;42;0;0;0;0;0;0;0;0;0;0;0;0;0;0;0;0;0;131;0;0;0;0;0;0;0;2281;0;0;0;1095;0;0;924;0
176188;3384;3193;54950;45540;70458;57203;17018;28640;11794;13412;16143;20978;0;0;1912;1743;0;0;0;0;0;0;0;0;0;56;0;0;0;0;0;0;0;0;0;0;0;0;0;0;0;0;0;193;0;0;0;0;0;0;0;3659;0;0;0;1571;0;0;529;0
180295;3674;3303;54065;44445;70290;58225;20084;31407;12527;14280;16633;21245;0;0;1797;1687;0;0;0;0;0;0;0;0;0;58;0;0;0;0;0;0;0;0;0;0;0;0;0;0;0;0;0;233;0;0;0;0;0;0;0;3598;0;0;0;1814;0;0;1225;0
131917;4043;3094;43765;36329;49363;42193;14397;22701;8235;9342;10411;13651;0;0;1270;1192;0;0;0;0;0;0;0;0;0;43;0;0;0;0;0;0;0;0;0;0;0;0;0;0;0;0;0;132;0;0;0;0;0;0;0;2062;0;0;0;1178;0;0;433;0
181568;3884;3259;53073;45354;70874;59075;19742;30714;12351;13855;18761;22240;0;0;2330;2126;0;0;0;0;0;0;0;0;0;48;0;0;0;0;0;0;0;0;0;0;0;0;0;0;0;0;0;204;553;0;0;0;0;0;0;3248;0;0;0;1445;0;0;0;0
124624;3524;3284;44393;36578;36745;32970;13296;17173;10973;12002;14098;16764;0;0;1595;1412;0;0;0;0;0;0;0;0;0;90;0;0;0;0;0;0;0;0;0;0;0;0;0;0;0;0;0;144;0;0;0;0;0;0;0;3010;0;0;0;1197;0;0;0;0
148469;2507;2122;36134;29602;44260;45985;11464;14174;41449;40022;7840;8528;0;0;4699;4321;0;256;0;0;0;0;0;0;0;252;0;0;0;0;0;0;0;0;0;0;0;0;0;0;0;0;0;0;0;0;0;0;0;0;0;3207;0;0;0;0;0;0;116;0
138101;2440;2155;28275;25078;45462;44531;10106;13264;40228;38919;6601;7049;0;0;4239;3903;0;199;0;0;0;0;0;0;0;254;0;0;0;0;0;0;0;0;0;0;0;0;0;0;0;0;0;0;0;0;0;0;133;0;0;2749;0;0;0;0;0;0;617;0
149341;2402;2115;29052;26254;41161;41154;9931;14285;46323;44937;15050;12027;0;0;3681;3405;0;215;0;0;0;0;0;0;554;343;0;0;0;0;0;0;0;0;0;0;0;0;0;0;0;0;0;0;0;0;0;0;74;0;0;4606;0;0;0;0;0;0;1113;0
154213;2632;2761;19090;19591;70329;55282;8491;16798;40081;42462;6757;8550;0;0;4115;4237;0;307;0;0;0;0;0;0;0;283;0;0;0;0;0;0;0;0;0;0;0;0;0;0;0;0;0;0;0;0;0;0;0;0;0;3942;0;0;0;0;0;0;2718;0
153434;3498;3085;22994;20979;52897;53411;11746;13987;46343;44748;5412;5705;0;0;8369;7776;0;340;0;0;0;0;0;0;0;294;0;0;0;0;0;0;0;0;0;0;0;0;0;0;0;0;0;0;0;0;0;0;0;0;0;3109;0;0;0;0;0;0;2175;0
138618;2988;2671;25869;22103;47714;47118;9731;12695;40987;40448;5166;5982;0;0;4698;4581;0;266;0;0;0;0;0;0;0;304;0;0;0;0;0;0;0;0;0;0;0;0;0;0;0;0;0;0;0;0;0;0;316;0;0;2450;0;0;0;0;0;0;1149;0
164566;2660;2033;56125;45904;43306;38459;12700;18915;21173;22111;26261;26984;0;0;2341;1817;0;0;0;0;0;0;0;0;0;128;0;0;0;0;0;0;0;0;0;0;0;0;0;0;0;0;0;243;0;0;0;0;0;659;0;6142;0;0;0;1171;0;0;0;0
133657;1552;1358;47298;33225;39303;34197;10655;17246;13206;16340;18888;25459;0;0;780;802;0;0;0;0;0;0;0;0;158;88;151;0;0;0;0;0;0;0;0;0;0;0;0;0;0;0;0;104;0;0;0;0;709;563;0;3513;0;0;0;762;0;0;957;0
141650;1881;1290;33272;37645;43661;37644;11712;18823;12484;14653;36381;25703;0;0;967;797;0;0;0;0;0;0;0;0;0;70;0;0;0;0;0;0;0;0;0;0;0;0;0;0;0;0;0;144;0;0;0;0;0;426;0;3523;0;0;0;932;0;0;1292;0
163012;1821;1357;53469;40909;61873;50174;12766;25269;10805;13429;21268;26306;0;0;1010;794;0;0;0;0;0;0;0;0;0;46;0;0;0;0;0;0;0;0;0;0;0;0;0;0;0;0;0;152;0;0;0;0;0;411;0;3289;0;0;0;876;0;0;0;0
150049;2126;1686;51460;42705;53958;44770;11408;20181;14021;16205;13914;17518;0;0;1972;1674;0;0;0;0;0;0;0;0;0;50;0;0;0;0;0;0;0;0;0;0;0;0;0;0;0;0;0;261;0;0;0;0;1190;527;0;3158;0;0;0;1314;0;0;0;0
143119;2355;1991;54965;42554;46303;41423;10727;16709;14430;16358;11728;16484;0;0;2111;1795;0;0;0;0;0;0;0;0;0;63;500;0;0;0;0;0;0;0;0;0;0;0;0;0;0;0;0;280;0;0;0;0;0;402;0;3543;0;0;0;1517;0;0;0;0
132885;2439;2121;57876;50682;33706;32155;9314;13619;13213;14978;14451;13641;0;0;1886;1712;0;0;0;0;0;1042;0;0;0;32;0;0;0;0;0;0;0;0;0;0;0;0;0;0;0;0;0;123;0;0;0;0;0;123;0;2015;0;642;0;0;0;0;0;0
164653;2392;2136;47481;44913;73405;63545;15470;20731;12062;14219;11981;12222;0;0;1862;1707;0;0;0;0;0;1149;0;0;0;28;0;0;0;0;0;0;0;0;0;0;0;0;0;0;0;0;0;152;0;0;0;0;0;304;0;2899;0;648;0;0;0;0;0;0
132735;2630;1939;51851;40610;42211;38728;12283;19204;12055;13572;9794;12009;0;0;1911;1570;0;0;0;0;0;1277;0;0;0;85;0;0;0;0;0;0;0;0;0;0;0;0;0;0;0;0;0;106;0;0;0;0;0;112;0;2452;0;1071;0;0;0;0;0;0
158347;1891;1490;49020;42551;55610;44090;13840;22917;14080;15244;21651;24171;0;0;1548;1345;0;0;0;0;0;1349;0;0;0;53;0;0;0;0;0;0;0;0;0;0;0;0;0;0;0;0;0;124;0;0;0;0;0;192;0;4000;707;821;0;0;0;0;0;0
161584;1970;1821;55374;45895;56273;49810;16163;23109;13751;15906;14446;16731;0;0;2346;2009;0;0;0;0;0;1519;0;0;0;49;0;0;0;0;0;0;0;0;0;0;0;0;0;0;0;0;0;171;0;0;0;0;0;179;0;2879;1261;1506;0;0;0;0;0;0
135824;1902;1575;50481;40643;51654;46707;10426;17146;10307;11920;8379;11885;0;0;1828;1567;0;0;0;0;0;1072;0;0;0;28;0;0;0;0;0;0;0;0;0;0;0;0;0;0;0;0;0;225;0;0;0;0;0;173;0;1938;0;945;0;0;0;0;847;0
142114;1690;1424;46851;37784;62035;51303;9946;20056;9096;10541;9409;14253;0;0;2349;2061;0;0;0;0;0;999;0;0;0;43;307;0;0;0;0;0;0;0;0;0;0;0;0;0;0;0;0;140;0;0;0;0;0;170;0;2503;0;837;0;0;0;0;431;0
169078;1775;1550;43503;39085;91378;79052;13278;23749;8195;9169;9819;11357;0;0;1130;1014;0;0;0;0;0;853;0;0;0;24;0;0;0;0;0;0;0;0;0;0;0;0;0;0;0;0;0;78;0;0;0;0;0;158;0;2347;0;642;0;0;0;0;0;0
148935;1708;1425;28053;24358;91686;80355;12700;23001;6927;7518;6575;7827;0;0;1286;1132;0;0;0;0;0;766;0;0;0;35;0;0;0;0;0;0;0;0;0;0;0;0;0;0;0;0;0;85;0;0;0;0;0;108;0;1953;0;372;0;0;0;0;0;0
141838;1646;1315;48313;38955;52599;47565;15928;22067;9775;11701;11917;13999;0;0;1660;1442;0;0;0;0;0;1059;0;0;0;27;0;0;0;0;0;0;0;0;0;0;0;0;0;0;0;0;0;193;0;0;0;0;0;143;0;2435;0;937;0;0;0;0;0;0
144883;1642;1337;52397;41979;53080;45908;10787;17889;12242;13830;12318;17053;0;0;2417;1981;0;0;0;0;0;1228;0;0;0;24;0;0;0;0;0;0;0;0;0;0;0;0;0;0;0;0;0;187;0;0;0;0;0;152;0;2339;0;976;0;0;0;0;0;0
121941;1702;1326;42395;33279;48344;42324;9895;16930;8366;9759;9101;12155;0;0;2138;1825;0;0;0;0;0;1172;0;0;0;22;0;0;0;0;0;0;0;0;0;0;0;0;0;0;0;0;0;167;0;0;0;0;0;133;0;2252;0;597;0;0;0;0;0;0
148918;1976;1552;45002;36139;59657;50104;15812;24967;9611;10825;13772;18002;0;0;1935;1636;0;0;0;0;0;1132;0;0;0;33;0;0;0;0;0;0;0;0;0;0;0;0;0;0;0;0;0;177;0;0;0;0;0;238;0;2963;1153;1150;0;0;0;0;0;0
131466;1695;1366;40411;32321;43229;37291;11242;16323;11935;13166;19645;23543;0;0;1860;1594;0;0;0;0;0;1002;0;0;0;32;0;0;0;0;0;0;0;0;0;0;0;0;0;0;0;0;0;135;0;0;0;0;0;194;0;2795;1449;1704;0;0;0;0;0;0
144630;1706;1353;46028;37936;63175;55599;12940;21117;9006;10211;10393;13227;0;0;1382;1243;0;0;0;0;0;854;0;0;0;26;0;0;0;0;0;0;0;0;0;0;0;0;0;0;0;0;0;120;0;0;0;0;0;190;0;2268;0;486;0;0;0;0;0;0
143711;1584;1370;46979;38000;54522;48398;14823;19941;9918;11878;14282;18463;0;0;945;848;0;0;0;0;0;880;0;0;0;18;0;0;0;0;0;0;0;0;0;0;0;0;0;0;0;0;0;88;0;0;0;0;0;216;0;3168;0;443;0;0;0;0;658;0
143398;1706;1376;58649;46797;52714;45750;8712;17698;8797;10847;10217;13815;0;0;2036;1858;0;0;0;0;0;1079;0;0;0;42;0;0;0;0;0;0;0;0;0;0;0;0;0;0;0;0;0;147;0;0;0;0;0;183;0;2454;0;1352;0;0;0;0;567;0
131369;1556;1381;50592;40497;42621;34448;9699;16680;10624;12111;13364;19019;0;0;1759;1681;0;0;0;0;0;1081;0;0;176;88;0;0;0;0;0;0;0;0;0;0;0;0;0;0;0;0;0;118;0;0;0;0;0;190;0;3102;978;973;0;0;0;0;0;0
140587;1655;1392;55068;41482;44534;33872;8657;16098;12886;14786;15797;24705;0;0;1573;1411;0;0;0;0;0;1106;0;0;0;137;0;0;0;0;0;0;0;0;0;0;0;0;0;0;0;0;0;122;0;0;0;0;0;221;0;4368;0;887;0;0;0;0;417;0
175757;2251;1764;67178;53236;66311;58219;14560;24492;11173;12601;11642;16993;0;0;2642;2288;0;0;0;0;0;1362;0;0;0;46;0;0;0;0;0;0;0;0;0;0;0;0;0;0;0;0;0;179;0;0;0;0;0;301;0;3137;0;1139;0;0;0;0;0;0
157137;1991;1701;50107;42402;68572;55393;11351;22295;10130;11765;10801;14770;0;0;2501;2291;0;0;0;0;0;1130;0;0;0;40;0;0;0;0;0;0;0;0;0;0;0;0;0;0;0;0;0;180;0;0;0;0;0;190;0;2957;1684;2023;0;0;0;0;0;0
161017;2012;1822;64365;52292;58827;53085;10073;17875;11663;13314;9476;14217;0;0;2029;1882;0;0;0;0;0;1297;838;0;0;41;0;0;0;0;0;0;0;0;0;0;0;0;0;0;0;0;0;155;0;0;0;0;0;181;0;3359;1346;1497;0;0;0;0;388;0
143185;2203;1948;55842;47115;49787;41166;10401;19736;11820;12911;10849;13322;0;0;2283;1982;0;0;0;0;0;1285;0;0;0;53;0;0;0;0;0;0;0;0;0;0;0;0;0;0;0;0;0;146;0;0;0;0;0;130;0;2571;0;820;0;0;0;0;0;0
183314;2258;2005;73215;59493;65573;57144;12982;22004;11976;13908;12533;18936;0;0;2853;2534;0;0;0;0;0;1513;0;0;0;53;0;0;0;0;0;0;0;0;0;0;0;0;0;0;0;0;0;181;0;0;0;0;0;248;0;3528;1422;1767;0;0;0;0;502;0
167520;2201;1802;64555;54487;60376;52747;10231;18752;11402;13429;14856;17360;0;0;2606;2452;0;0;0;0;0;1405;0;0;0;52;0;0;0;0;0;0;0;0;0;0;0;0;0;0;0;0;0;152;0;0;0;0;0;171;0;3191;1293;1520;0;0;0;0;0;0
157578;2468;2167;69631;53144;50519;47719;9436;16479;12538;15569;9032;13744;0;0;2791;2490;0;0;0;0;0;1334;0;0;0;34;0;0;0;0;0;0;0;0;0;0;0;0;0;0;0;0;0;186;0;0;0;0;0;129;0;2812;1163;1771;0;0;0;0;0;0
139948;1736;1535;53572;39774;47584;40135;7507;15845;10801;13763;12012;19831;0;0;1310;1324;0;0;0;0;0;1114;0;0;118;77;0;0;0;0;0;0;0;0;0;0;0;0;0;0;0;0;0;134;0;0;0;0;0;184;4214;4962;0;1270;0;0;0;0;1094;0
135261;2196;1790;46064;42391;52427;45319;8480;14114;10216;11309;10692;11801;0;0;3023;2606;0;0;0;0;0;1176;415;0;0;46;0;0;0;0;0;0;0;0;0;0;0;0;0;0;0;0;0;101;0;0;0;0;0;112;0;2905;1748;1591;0;0;0;0;0;0
156221;2638;2047;60107;50912;54451;46256;12719;21481;14083;14988;9624;12983;0;0;2599;2352;0;0;0;0;0;1247;0;0;0;27;0;0;0;0;0;0;0;0;0;0;0;0;0;0;0;0;0;131;0;0;0;0;0;144;0;2787;0;866;0;0;0;0;0;0
166515;2227;1908;60483;48788;56503;47343;10765;22086;12493;14635;21360;23708;0;0;2323;2072;0;0;0;0;0;1176;0;0;0;58;0;0;0;0;0;0;0;0;0;0;0;0;0;0;0;0;0;115;0;0;0;0;0;195;0;3707;0;724;0;0;0;0;361;0
188189;2557;2099;62588;52387;53255;46284;13587;21021;21226;24883;31564;32556;0;0;2012;1567;0;247;0;0;0;0;0;458;343;133;0;0;0;0;0;0;0;0;0;0;0;0;0;0;0;0;0;373;0;0;0;0;0;0;0;4564;0;1617;0;0;0;0;1057;0
154838;2691;2317;58879;50032;39186;34680;10850;14947;21647;23486;16985;19727;0;0;2614;2045;0;330;0;0;0;0;0;397;0;83;0;0;0;0;0;0;0;0;0;0;0;0;0;0;0;0;0;657;0;0;0;0;0;0;0;3610;1563;2527;0;0;0;0;423;0
108017;3477;3020;33532;29446;22851;24913;8162;9068;32198;30550;4483;4587;0;0;3314;2494;0;170;0;0;0;0;0;0;0;84;0;153;0;0;0;0;0;0;0;0;0;0;0;0;0;0;0;875;0;0;0;828;0;0;0;1829;0;0;0;0;0;0;0;0
105423;3325;3006;27570;26654;26416;24429;6372;7883;32670;31720;4371;4748;0;0;3918;3123;0;187;0;0;0;0;0;0;0;105;0;189;0;0;0;0;0;0;0;0;0;0;0;0;0;0;0;741;0;0;0;686;0;0;0;1952;0;0;0;0;0;0;781;0
171514;4907;4179;48621;42959;46088;41575;12963;19163;40334;38980;12193;12974;0;0;5400;4153;0;478;0;0;0;0;0;0;0;181;0;377;0;0;0;0;0;0;0;0;0;0;0;0;0;0;0;1305;0;0;0;1299;0;0;0;3891;0;0;0;0;0;0;1008;0
174098;4674;4419;38545;36651;39959;36678;11139;15335;62644;57051;8195;10225;0;0;6096;4381;0;423;0;0;0;0;0;0;0;210;0;327;0;0;0;0;0;0;0;0;0;0;0;0;0;0;0;2144;0;0;0;1731;0;0;0;4523;0;0;0;0;0;0;2846;0
128273;3598;3708;40957;34451;30733;29834;7328;9992;35484;35643;4771;6047;0;0;3764;3013;0;172;0;0;0;0;0;0;0;151;0;199;0;0;0;0;0;0;0;0;0;0;0;0;0;0;0;1163;0;0;0;807;0;0;0;3093;0;0;0;0;0;0;1638;0
174226;4387;3560;48720;44450;40708;36600;12356;17986;48515;43354;16479;18279;0;0;3061;2129;0;269;0;0;0;0;0;0;0;202;0;345;0;0;0;0;0;0;0;0;0;0;0;0;0;0;0;939;0;0;0;942;0;0;0;5171;0;0;0;0;0;0;0;0
170204;5598;4739;53384;42834;40882;39092;11959;16102;43348;44923;9041;9912;0;0;5992;4711;0;368;0;0;0;0;0;0;0;162;0;397;0;0;0;0;0;0;0;0;0;0;0;0;0;0;0;1255;0;0;0;1352;0;0;0;4357;0;0;0;0;0;0;0;0
139228;4461;3597;38470;32750;30153;30506;10125;12018;43589;42581;7502;7464;0;0;4928;3788;0;395;0;0;0;0;0;0;0;210;0;374;0;0;0;0;0;0;0;0;0;0;0;0;0;0;0;1052;0;0;0;1108;0;0;0;3385;0;0;0;0;0;0;0;0
128179;4218;3530;34529;29999;29829;30360;10878;11230;37224;36561;5650;6093;0;0;4806;3765;0;344;0;0;0;0;0;0;0;179;0;258;0;0;0;0;0;0;0;0;0;0;0;0;0;0;0;1169;0;0;0;1055;0;0;0;3636;0;0;0;0;0;0;1045;0
126140;4692;3992;32688;28022;35073;33467;8487;10865;34324;34203;3861;4238;0;0;5513;3839;0;278;0;0;0;0;0;0;0;137;0;270;0;0;0;0;0;0;0;0;0;0;0;0;0;0;0;2399;0;0;0;1435;0;0;0;2995;0;0;0;0;915;0;587;0
112980;2552;2742;22070;19516;34501;33330;6558;9725;36910;37034;3725;5212;0;0;2461;2318;0;0;0;0;0;0;0;0;0;232;0;0;0;0;0;0;0;0;0;0;0;0;0;0;0;0;0;449;0;0;0;0;0;0;0;2422;0;0;0;0;0;0;4203;0
146265;3411;3224;31994;25606;46686;45060;13914;15368;41040;43781;5041;6081;0;0;3446;3033;0;0;0;0;0;0;0;0;0;331;0;0;0;0;0;0;0;0;0;0;0;0;0;0;0;0;0;461;0;0;0;0;0;0;0;3320;0;0;0;0;0;0;733;0
144565;3140;2705;28783;24355;46720;44482;10250;13296;44002;45736;7796;7148;0;0;3871;3285;0;0;0;0;0;0;0;0;2;310;0;0;0;0;0;0;0;0;0;0;0;0;0;0;0;0;0;346;0;0;0;0;0;0;0;2902;0;0;0;0;0;0;1;0
150236;2871;2531;32420;27817;45389;41192;9686;13503;47303;47538;8572;10199;0;0;2539;2205;0;0;0;0;0;0;0;0;612;402;0;0;0;0;0;0;0;0;0;0;0;0;0;0;0;0;0;288;0;0;0;0;0;0;0;4561;0;0;0;0;0;0;844;0
122932;2348;2120;22187;19739;43424;38247;8810;12614;36809;37709;5004;6131;0;0;2928;2627;0;0;0;0;0;0;0;0;544;317;0;0;0;0;0;0;0;0;0;0;0;0;0;0;0;0;0;428;0;0;0;0;0;0;0;3000;0;0;0;0;0;0;878;0
145615;3498;3330;30774;23590;44726;43574;11119;15040;44803;47363;4938;5296;0;0;3719;3377;0;0;0;0;0;0;0;0;900;490;0;0;0;0;0;0;0;0;0;0;0;0;0;0;0;0;0;450;0;0;0;0;0;0;0;3105;0;0;0;0;0;0;1138;0
139785;2462;2185;22341;21684;42430;37004;11760;15974;46272;43617;11056;11950;0;0;2483;2234;0;0;0;0;0;0;0;0;981;511;0;0;0;0;0;0;0;0;0;0;0;0;0;0;0;0;0;320;0;0;0;0;0;0;0;4306;0;0;0;0;0;0;0;0
127503;2535;2474;23592;19513;41281;39777;11224;14153;39610;39876;3950;4740;0;0;4399;3792;0;0;0;0;0;0;0;0;0;257;0;0;0;0;0;0;0;0;0;0;0;0;0;0;0;0;0;380;0;0;0;0;0;0;0;2541;0;0;0;0;0;0;912;0
136840;3127;2738;23028;21030;43014;39645;10818;14574;47051;46802;5465;4977;0;0;4337;3713;0;0;0;0;0;0;0;0;0;331;0;0;0;0;0;0;0;0;0;0;0;0;0;0;0;0;0;407;0;0;0;0;0;0;0;2623;0;0;0;0;0;0;0;0
133355;2749;2340;33943;27780;28760;24854;8869;13590;24871;25216;28108;28880;0;0;2110;1530;0;519;0;0;0;1576;0;0;0;107;951;329;0;0;0;116;0;0;0;0;0;0;0;0;0;167;0;129;0;527;0;0;0;245;0;5450;0;0;0;0;0;0;2994;0
166099;2836;2350;44769;29850;28374;28163;9604;13626;47070;45099;26674;32401;0;0;3702;3007;0;486;0;0;0;2225;0;0;0;104;1090;457;0;0;0;178;0;0;0;0;0;0;0;0;0;235;0;241;0;559;0;0;0;351;0;6767;0;0;0;0;0;0;1980;0
132532;3039;2666;35540;27842;50554;42771;13711;20580;10525;12060;13875;17577;0;0;2613;2074;0;772;0;0;0;1946;0;0;0;30;879;372;0;0;0;76;0;0;0;0;0;0;0;0;0;36;0;165;0;340;0;0;0;246;0;2979;0;0;0;0;0;0;1796;0
126799;3098;2821;41051;29109;44994;37170;10612;18277;11446;13611;10853;16451;0;0;2463;1982;0;618;0;0;0;2019;0;0;285;96;1245;560;0;0;0;87;0;0;0;0;0;0;0;0;0;44;0;184;0;371;0;0;0;226;0;3173;0;0;0;0;0;0;752;0
172795;2610;2188;45691;34488;66075;53085;15138;28876;9325;12270;27392;33004;0;0;1544;1309;0;472;1416;0;0;1860;0;0;0;34;462;283;0;0;0;79;0;0;0;0;0;0;0;0;0;36;0;137;875;623;0;0;0;312;0;3739;0;0;0;0;0;0;2267;0
150356;2623;1971;47340;31719;44549;39331;16397;24313;9978;12868;26778;32724;0;0;1187;893;0;262;0;0;0;1518;0;0;0;34;912;265;0;0;0;53;0;0;0;0;0;0;0;0;0;45;0;88;0;465;0;0;0;243;0;3564;0;0;0;0;0;0;592;0
172928;3533;3001;38244;36351;54971;45372;13292;23407;13787;16995;44506;36630;0;0;2413;1891;0;545;0;0;0;2270;0;0;0;72;1328;463;0;0;0;86;0;0;0;0;0;0;0;0;0;101;0;192;0;598;0;0;0;335;0;4619;0;0;0;0;0;0;854;0
132613;3915;3357;35168;27639;39618;33469;11468;16486;15852;17986;18805;22698;0;0;3356;2554;0;611;0;0;0;2066;0;0;218;108;0;209;0;0;0;128;0;0;0;0;0;0;0;0;280;150;0;158;0;394;0;0;0;261;0;4339;0;0;0;0;0;0;3933;0
160861;2572;2419;26415;32015;18394;18788;6425;9693;27796;39641;73897;43347;0;0;1791;1436;0;284;0;0;0;1793;0;0;0;130;0;166;0;0;0;171;0;0;0;0;0;0;0;0;649;354;0;118;0;727;0;0;0;306;0;9473;0;0;0;0;0;0;2922;0
142838;2326;2083;25520;27765;29124;25955;6247;11261;62880;47438;10495;15486;0;0;4092;3688;0;443;0;0;0;2106;0;0;398;168;1131;513;0;0;0;132;0;0;0;0;0;0;0;0;0;205;0;234;0;367;0;0;0;281;0;4713;0;0;0;0;0;0;625;0
128897;2496;2224;20336;20906;24563;22875;6969;9741;60236;51662;7242;8847;0;0;4725;3832;0;456;0;0;0;2189;0;0;0;127;1564;579;0;0;0;156;0;0;0;0;0;0;0;0;0;235;0;356;0;249;0;0;0;189;0;4274;0;0;0;0;0;0;766;0
132766;2283;2014;24028;22618;22566;21347;5048;8666;61874;53815;9652;11490;0;0;4492;3603;0;453;0;0;0;1960;0;0;0;101;1384;513;0;0;0;158;0;0;0;0;0;0;0;0;0;286;0;273;0;272;0;0;0;225;0;4972;0;0;0;0;0;0;1439;0
130211;1582;1194;38523;28937;50703;41146;11554;19464;9520;10911;17241;20765;0;0;1088;789;0;221;0;385;0;672;0;0;0;34;0;32;0;0;0;9;0;87;0;62;0;0;0;0;0;0;0;54;0;0;0;0;0;149;0;4837;0;149;0;314;0;0;0;0
160816;2766;2296;54205;45981;63511;53062;13275;23518;13502;14926;11056;12491;0;0;2501;1767;0;820;0;792;0;1107;0;0;0;19;0;29;0;0;0;18;0;125;0;70;0;0;0;0;0;0;0;114;0;0;0;0;0;81;0;2764;0;239;0;597;0;0;0;0
131761;2409;1923;31111;27877;65143;53888;12342;21315;9859;10638;8933;9307;0;0;1964;1532;0;413;0;784;0;1047;0;0;0;17;0;24;0;0;0;20;0;145;0;69;0;0;0;0;0;0;0;73;0;0;0;0;0;94;0;1976;0;199;0;420;0;0;0;0
144058;2447;1979;43655;36209;65662;53597;10745;21383;10079;11924;8956;11102;0;0;2514;2066;0;259;0;891;0;1100;0;0;0;20;0;28;0;0;0;19;0;201;0;72;0;0;0;0;0;0;0;74;0;0;0;0;0;62;0;2273;0;207;0;592;0;0;0;0
180037;2597;2259;63487;49072;69845;60798;18620;29495;11215;13214;11195;16136;0;0;2620;1952;0;500;0;793;0;1333;0;0;0;33;0;42;0;0;0;29;0;236;0;80;0;0;0;0;0;0;0;98;0;0;0;0;0;151;0;2688;0;195;0;933;0;0;458;0
176069;3421;2576;50035;40709;75290;63653;20620;32011;11679;13139;12239;15126;0;0;2321;1810;0;420;0;931;0;1276;0;0;0;43;0;40;0;0;0;24;0;209;0;103;0;0;0;0;0;0;0;146;0;0;0;0;0;160;0;2523;0;326;0;844;0;0;464;0
127011;1718;1178;43837;33774;42094;34195;10902;18981;10614;12092;15557;20019;0;0;1971;1398;0;368;0;433;0;816;0;0;0;70;0;25;0;0;0;20;0;179;0;74;0;0;0;0;0;0;0;53;0;0;0;0;0;146;0;2522;0;214;0;454;0;0;318;0
172562;1350;1006;55471;37665;59710;48545;18455;32663;9550;12138;26614;34040;0;0;1131;809;0;227;0;337;0;755;0;0;281;41;0;27;0;0;0;28;0;129;0;67;0;0;0;0;0;0;0;48;0;0;0;0;0;252;0;3237;0;207;0;341;0;0;0;0
134252;1619;1296;47625;37019;38093;33367;11187;17225;11390;13540;22550;24797;0;0;1788;1231;0;367;0;473;0;847;0;0;0;53;0;38;0;0;0;26;0;153;0;58;0;0;0;0;0;0;0;57;0;0;0;0;0;201;0;2791;0;257;0;456;0;0;0;0
167574;1898;1655;55251;37387;51674;51654;31606;31483;8381;11624;16856;26573;0;0;1211;1049;0;244;0;443;0;786;0;0;0;40;251;87;0;0;0;26;0;137;0;87;0;0;0;0;0;0;0;52;446;0;0;0;0;208;0;3685;0;74;0;280;0;0;0;0
167034;2203;1856;42568;37986;73959;58516;18727;31488;10523;11650;15389;17359;0;0;1765;1462;0;271;0;678;0;1113;0;0;0;19;0;21;0;0;0;15;1581;741;0;100;0;0;0;0;0;0;0;93;0;0;0;0;0;153;0;2887;0;194;0;432;0;0;319;0
161746;1994;1715;39489;33235;80363;59487;16012;34858;7430;8800;14046;16898;0;0;1443;1188;0;224;0;605;0;974;0;0;0;27;0;15;0;0;0;15;969;452;0;96;0;0;0;0;0;0;0;69;0;0;0;0;0;149;0;2445;0;163;0;331;0;0;0;0
150609;2389;2173;41165;35604;71759;56807;12990;25007;9599;11070;10066;12826;0;0;1734;1317;0;380;0;905;0;977;0;0;0;16;0;36;0;0;0;22;0;193;0;79;0;0;0;0;0;0;0;119;0;0;0;0;458;264;0;2035;0;228;0;551;0;0;449;0
166669;1598;1541;43992;38415;82523;58572;14198;31480;8561;10832;13745;18582;0;0;1643;1227;0;353;0;725;0;1111;0;0;0;30;0;47;0;0;0;18;0;197;0;87;0;0;0;0;0;0;0;94;0;0;0;0;0;177;0;2346;0;292;0;543;0;0;409;0
146460;2044;1605;53517;40982;51242;43188;11332;20670;11723;13715;13386;18064;0;0;2364;1815;0;448;0;712;0;1039;0;0;323;180;0;42;0;0;0;29;0;153;0;76;0;0;0;0;0;0;0;92;0;0;0;0;0;160;0;2578;0;292;0;620;0;0;529;0
145089;2101;1915;51180;39244;49021;40972;11852;19458;15003;16743;13308;18285;0;0;2337;1537;0;1098;0;629;0;1009;0;0;287;114;0;25;0;0;0;27;0;169;0;56;0;0;0;0;0;0;0;78;0;0;0;0;0;128;0;2880;0;189;0;533;0;0;0;0
162192;2157;1794;54910;42869;62365;51248;13940;26079;13418;15057;12956;16357;0;0;2446;1668;0;664;0;819;0;1103;0;0;0;91;0;44;0;0;0;26;0;193;0;102;0;0;0;0;0;0;0;139;0;0;0;0;0;157;0;2891;0;223;0;668;0;0;0;0
150715;1709;1613;50319;36767;66300;52053;11674;27081;8412;10411;10611;15404;0;0;1690;1218;0;628;0;785;0;960;0;0;0;32;0;48;0;0;0;21;0;164;0;84;0;0;0;0;0;0;0;69;0;0;0;0;0;123;0;2401;0;257;0;596;0;0;0;0
122690;1541;1261;43173;32740;48276;40999;11332;20574;8418;9839;8447;11350;0;0;1503;1061;0;467;0;596;0;756;0;0;0;28;0;28;0;0;0;20;0;122;0;94;0;0;0;0;0;0;0;84;0;0;0;0;0;95;0;1955;0;199;0;422;0;0;0;0
159600;1586;1214;45125;35625;68749;52747;16472;31626;10266;11962;15894;19967;0;0;1304;804;0;734;0;405;0;876;0;0;204;71;0;38;0;0;0;28;0;114;0;90;0;0;0;0;0;0;0;47;0;0;0;0;0;104;0;2554;0;155;0;439;0;0;0;0
134823;1690;1328;44295;34873;50233;40906;10758;20625;12948;13244;13137;16897;0;0;1560;900;0;1002;0;511;0;841;0;0;202;64;0;28;0;0;0;23;0;119;0;89;0;0;0;0;0;0;0;63;0;0;0;0;0;108;0;2499;0;208;0;495;0;0;0;0
149942;1966;1695;43614;36812;70787;55419;12763;25944;8709;9755;9935;12133;0;0;2168;1543;0;530;0;813;0;989;0;0;0;30;0;22;0;0;0;22;0;133;0;509;0;0;0;0;0;0;0;85;0;0;0;0;0;107;0;2556;0;242;0;603;0;0;0;0
124190;1774;1444;33852;30018;55784;43020;11573;22148;9233;10241;10162;10876;0;0;1569;1231;0;301;0;526;0;906;0;0;0;31;0;20;0;0;0;19;0;104;0;259;0;0;0;0;0;0;0;49;0;0;0;0;0;84;0;2191;0;196;0;526;0;0;243;0
149731;1695;1473;43087;35551;62639;53252;18168;28625;8641;10016;12043;13867;0;0;1358;1012;0;345;2100;1028;0;926;0;0;0;44;0;32;0;0;0;20;0;121;0;285;0;0;0;0;0;0;0;60;0;0;0;0;0;90;0;2267;0;195;0;522;0;0;0;0
164366;1990;1658;41691;36743;79359;61723;15755;30071;11102;11935;12633;14433;0;0;1836;1428;0;302;0;840;0;1269;0;0;0;22;0;22;0;0;0;25;0;133;0;106;0;0;0;0;0;0;0;78;0;0;0;0;0;130;0;2554;0;171;0;723;0;0;0;0
158453;2128;1714;46290;36810;76480;66161;14620;25249;8787;9566;10148;12355;0;0;0;1045;0;299;0;819;0;974;0;0;0;25;0;29;0;0;0;15;0;115;0;90;0;0;0;0;0;0;0;95;0;0;0;0;0;138;0;2277;0;166;0;511;0;0;0;0
151261;1740;1553;57225;48139;57576;49564;10624;19441;11071;12676;9873;12853;0;0;1569;1323;0;395;1583;923;0;969;0;0;0;30;0;28;0;0;0;15;0;97;0;86;0;0;0;0;0;0;0;87;0;0;0;0;0;114;0;2335;0;187;0;446;0;0;0;0
129601;1681;1412;50636;40990;44906;38812;11098;18168;10123;11438;9462;12727;0;0;1425;1091;0;308;0;535;0;841;0;0;270;108;0;21;0;0;0;20;0;102;0;72;0;0;0;0;0;0;0;76;0;0;0;0;0;76;0;2078;0;187;0;539;0;0;0;0
119956;1747;1546;50231;43400;37146;31256;6956;11768;12481;13717;8933;11123;0;0;2102;1470;0;573;0;631;0;971;0;0;0;151;0;34;0;0;0;29;0;113;0;127;0;0;0;0;0;0;0;103;0;0;0;0;0;100;0;2123;0;205;0;516;0;0;360;0
103924;1799;1555;47568;40861;27634;24190;5734;8813;11275;13901;6288;7577;0;0;3042;2019;0;540;0;533;0;885;0;0;275;178;0;34;0;0;0;31;0;87;0;181;0;0;0;0;0;0;0;121;0;0;0;0;0;58;0;1685;0;187;0;488;0;0;309;0
148108;1982;1803;65189;57689;40001;35712;9231;15049;14008;16311;14772;13352;0;0;2643;2011;0;480;0;740;0;1109;0;0;282;118;0;43;0;0;0;35;0;119;0;93;0;0;0;0;0;0;0;135;0;0;0;0;0;106;0;2325;0;211;0;667;0;0;0;0
140658;1722;1407;57547;49498;44653;37762;11852;18416;12143;13226;10801;13253;0;0;1940;1458;0;538;0;698;0;1018;0;0;0;139;0;60;0;0;0;32;0;108;0;66;0;0;0;0;0;0;0;83;0;0;0;0;0;97;0;2054;0;227;0;518;0;0;0;0
107997;1581;1308;49023;41637;28968;25067;6967;10947;11065;12431;7352;9495;0;0;2218;1619;0;979;0;565;0;874;0;0;240;141;583;154;0;0;0;31;0;118;0;74;0;0;0;0;0;0;0;62;0;0;0;0;0;65;0;1852;0;171;0;407;0;0;0;0
149281;1591;1198;57055;45888;53269;44455;11035;20829;10240;12239;13969;17807;0;0;1614;1227;0;598;0;525;0;915;0;0;0;91;508;148;0;0;0;39;0;142;0;78;0;0;0;0;0;0;0;75;0;0;0;0;0;109;0;2341;0;173;0;404;0;0;0;0
124037;1847;1379;52627;43571;37504;34732;9090;13462;12781;14202;7846;9984;0;0;2078;1470;0;410;0;599;0;852;0;0;0;80;0;30;0;0;0;17;0;102;0;56;0;0;0;0;0;0;0;182;0;0;0;0;0;82;0;2162;0;202;0;463;0;0;264;0
140361;1810;1428;58984;51110;44021;40418;10678;15219;13805;14614;8603;10299;0;0;2269;1554;0;483;0;694;0;1010;0;0;191;96;0;28;0;0;0;29;0;134;0;64;0;0;0;0;0;0;0;135;0;0;0;0;0;83;0;2285;0;211;0;467;0;0;0;0
121673;2652;1472;64623;50435;31011;27930;8344;10846;0;14497;9013;8327;0;0;4199;2018;0;1094;0;573;0;818;0;0;1831;454;0;33;0;0;0;21;0;112;0;67;0;0;0;0;0;0;0;108;0;0;0;0;0;52;0;2148;0;158;0;510;0;0;0;0
143677;1979;1411;42736;34893;63123;59231;17533;22277;8306;9197;8774;10999;0;0;1226;993;0;201;0;647;0;568;0;0;0;16;0;20;0;0;0;20;0;67;0;128;0;0;0;0;0;0;0;62;0;0;0;0;0;113;0;2249;0;227;0;358;0;0;0;0
148523;1804;1596;62810;54532;48290;42153;9710;16171;13765;15624;8372;10267;0;0;2391;1738;0;643;0;804;0;1052;0;0;243;128;0;34;0;0;0;23;0;102;0;74;0;0;0;0;0;0;0;114;0;0;0;0;1138;447;0;2261;0;182;0;578;0;0;0;0
147728;1494;1231;37324;32344;79254;67056;12521;24230;6385;7222;9706;10793;0;0;1044;805;0;188;0;625;0;599;0;0;0;17;0;12;0;0;0;13;0;73;0;103;0;0;0;0;0;0;0;56;0;0;0;0;0;94;0;1823;0;100;0;344;0;0;0;0
146369;1372;1100;37851;31790;73636;61901;14229;24041;7634;8504;10674;13607;0;0;973;752;0;213;0;703;0;705;0;0;0;13;0;16;0;0;0;20;0;80;0;93;0;0;0;0;0;0;0;67;0;0;0;0;0;163;0;2008;0;169;0;424;0;0;0;0
143782;1842;1371;58679;43523;61444;51067;11613;20001;9075;9250;0;13366;0;0;1129;929;0;204;0;686;0;555;0;0;0;14;0;24;0;0;0;15;0;56;0;63;0;0;0;0;0;0;0;71;0;0;0;0;0;85;0;2047;0;169;0;286;0;0;0;0
163921;1362;1190;53029;38604;63819;54902;16131;23951;7805;10970;20822;27985;0;0;718;574;0;175;0;416;0;567;0;0;0;39;0;17;0;0;0;19;0;89;0;78;0;0;0;0;0;0;0;38;0;0;0;0;0;417;0;3489;0;107;0;294;0;0;235;0
156217;2696;1809;49996;37608;75187;62706;16333;23668;12005;9824;0;14609;0;0;0;977;0;302;0;685;0;688;0;0;0;8;0;14;0;0;0;16;0;112;0;107;0;0;0;0;0;0;0;82;0;0;0;0;0;119;0;2308;0;132;0;443;0;0;0;0
168245;2536;1925;53509;42512;74149;64808;15138;24698;9909;10855;11924;16035;0;0;0;1202;0;361;0;824;0;855;0;0;0;25;0;24;0;0;0;24;0;152;0;86;0;0;0;0;0;0;0;118;0;0;0;0;625;379;0;2639;0;177;0;546;0;0;455;0
180441;2348;2091;61405;53583;64621;54277;10852;19883;14056;17126;24981;25057;0;0;1784;1453;0;311;0;755;0;956;0;0;0;68;394;100;0;0;0;45;0;132;0;67;0;0;0;0;0;0;0;120;0;0;0;0;0;179;0;3497;0;190;0;551;0;0;0;0
165115;2497;2079;62644;53661;61244;53025;15549;22018;12090;12887;11091;14121;0;0;0;1362;0;603;0;856;0;942;0;0;0;31;0;26;0;0;0;23;0;189;0;56;0;0;0;0;0;0;0;90;0;0;0;0;0;137;0;2373;0;215;0;421;0;0;0;0
147381;1996;1756;57561;47299;61751;51869;9628;18097;8809;10401;7636;11482;0;0;0;917;0;771;0;820;0;713;0;0;0;21;0;22;0;0;0;29;0;98;0;56;0;0;0;0;0;0;0;83;0;0;0;0;0;113;0;2284;0;153;0;397;0;0;0;0
127817;1880;1522;50688;43628;46447;40545;11879;16627;8492;9059;8431;10270;0;0;0;1039;0;358;0;779;0;728;0;0;0;23;0;36;0;0;0;10;0;95;0;66;0;0;0;0;0;0;0;94;0;0;0;0;0;119;0;2283;0;139;0;397;0;0;0;0
158321;2673;2368;49149;45184;71813;58814;12086;23125;9100;10266;9957;11708;0;0;1502;1151;0;254;1586;1037;0;727;0;0;0;21;0;21;0;0;0;31;0;125;0;91;0;0;0;0;0;0;0;109;0;0;0;0;455;309;0;2474;0;132;0;374;0;0;0;0
172558;2208;2107;43120;34925;88754;73354;15282;28805;9436;10380;12001;14619;0;0;1757;1340;0;377;0;1111;0;810;0;0;0;24;0;26;0;0;0;28;0;149;0;113;0;0;0;0;0;0;0;116;0;0;0;0;0;184;0;3478;0;145;0;467;0;0;0;0
150712;1885;1650;63980;49061;49893;45225;11251;18246;12188;14448;8836;13557;0;0;2679;1774;0;937;0;673;0;1231;0;0;0;87;0;36;0;0;0;12;0;137;0;72;0;0;0;0;0;0;0;96;0;0;0;0;0;79;0;2407;0;278;0;706;0;0;0;0
135860;1727;1430;54845;46848;40763;35927;13392;16778;11180;12596;11621;15248;0;0;1762;1382;0;307;0;673;0;1103;0;0;285;153;0;29;0;0;0;42;0;126;0;61;0;0;0;0;0;0;0;108;0;0;0;0;0;116;0;2180;0;194;0;559;0;0;285;0
153800;1853;1579;65810;55224;47030;37763;8578;16390;14741;16442;12775;18094;0;0;2268;1796;0;360;0;608;0;1171;0;0;259;126;486;100;0;0;0;49;0;126;0;57;0;0;0;0;0;0;0;101;0;0;0;0;0;119;0;2943;0;214;0;538;0;0;0;0
128511;3036;1948;64331;50922;33693;28681;8545;11591;0;16261;12393;11074;0;0;2570;1563;2768;1418;0;604;0;944;0;0;1175;175;0;20;0;0;0;34;0;93;0;60;0;0;0;0;0;0;0;164;0;0;0;0;0;81;0;2074;0;236;0;568;0;0;0;0
149331;1556;1258;60839;48882;40623;36237;12890;17813;14273;16272;16141;20133;0;0;2281;1469;0;231;0;521;0;960;0;0;288;146;440;103;0;0;0;22;0;128;0;63;0;0;0;0;0;0;0;838;0;0;0;0;0;105;0;3311;0;201;0;638;0;0;0;0
141167;1605;1412;59141;49813;40622;34006;9387;15993;14819;16104;12292;15553;0;0;2379;1654;0;263;0;677;0;1000;0;0;0;101;0;42;0;0;0;25;0;149;0;53;0;0;0;0;0;0;0;663;0;0;0;0;0;70;0;2383;0;275;0;931;0;0;922;0
148909;1757;1552;62638;55439;47702;38646;9418;17773;12451;13842;12737;13756;0;0;2206;1665;0;307;0;727;0;1045;0;0;0;44;0;24;0;0;0;18;0;144;0;52;0;0;0;0;0;0;0;207;0;0;0;0;0;88;0;2439;0;183;0;958;0;0;0;0
167422;2324;1932;72446;55249;54088;52623;14952;19998;11638;15917;8993;12798;0;0;2981;2113;0;536;0;810;0;1049;0;0;0;60;0;26;0;0;0;26;0;120;0;66;0;0;0;0;0;0;0;206;0;0;0;0;0;88;0;2889;0;241;0;675;0;0;0;0
165293;2204;1921;47583;41522;74725;59805;15625;27675;11432;12460;11924;14081;0;0;1800;1324;0;388;0;1037;0;922;0;0;0;13;0;48;0;0;0;22;0;149;0;123;0;0;0;0;0;0;0;118;0;0;0;0;0;106;0;2612;0;315;0;652;0;0;0;0
152242;1927;1702;40010;36741;77687;63133;13753;24530;9362;10064;7966;9460;0;0;1537;1223;0;306;0;910;0;809;0;0;0;25;0;23;0;0;0;26;0;146;0;121;0;0;0;0;0;0;0;96;0;0;0;0;0;112;0;2008;0;206;0;601;0;0;0;0
156878;2271;1682;60500;44822;64217;53999;15482;23059;12009;12362;0;13385;0;0;2399;1910;0;660;0;755;0;920;0;0;0;22;0;26;0;0;0;22;0;152;0;88;0;0;0;0;0;0;0;67;0;0;0;0;0;218;0;2044;0;200;0;485;0;0;0;0
151127;1941;1733;42273;36470;70705;59358;15568;25021;10100;10797;8476;10379;0;0;2064;1564;0;503;0;879;0;978;0;0;0;40;0;20;0;0;0;37;0;151;0;115;0;0;0;0;0;0;0;119;0;0;0;0;0;108;0;1901;0;281;0;673;0;0;0;0
146986;1788;1661;59521;41755;52751;51494;11740;20616;10431;12450;6207;10589;0;0;2331;1902;0;555;0;810;2217;1310;0;0;0;48;0;25;0;0;0;23;0;169;0;67;0;0;0;0;0;0;0;105;0;0;0;0;0;105;0;2181;0;335;0;786;0;0;0;0
109628;1785;1672;15860;16927;44147;38440;10611;13747;27760;27765;4357;4783;0;0;5108;5069;0;381;0;0;0;0;0;0;0;261;0;583;0;0;0;0;0;0;0;0;0;0;0;0;0;0;0;0;0;0;0;0;0;0;0;0;0;0;0;0;0;0;0;0
129834;1719;1523;24866;23070;42704;38471;11781;16478;34015;32762;8856;11474;0;0;4202;4225;0;340;0;0;0;0;0;0;0;294;1691;1197;0;0;0;0;0;0;0;0;0;0;0;0;0;0;0;0;0;0;0;0;0;0;0;0;0;0;0;0;0;0;0;0
144581;1904;1786;32841;26133;41101;37304;10505;16983;36117;36431;17345;20998;0;0;3094;3119;0;248;0;0;0;0;0;0;0;376;1674;1203;0;0;0;0;0;0;0;0;0;0;0;0;0;0;0;0;0;0;0;0;0;0;0;0;0;0;0;0;0;0;0;0
148389;2283;2081;23471;23354;60969;53735;14799;19240;33044;34826;6745;7533;0;0;5988;5751;0;462;0;0;0;0;0;0;0;375;0;1032;0;0;0;0;0;0;0;0;0;0;0;0;0;0;0;0;0;0;0;0;0;0;0;0;0;0;0;0;0;0;1090;0
140109;2289;2288;17236;17987;62290;51703;12403;20052;29423;31286;8315;7979;0;0;7050;6875;0;404;0;0;0;0;0;0;0;327;0;1208;0;0;0;0;0;0;0;0;0;0;0;0;0;0;0;0;0;0;0;0;0;0;0;0;0;0;0;0;0;0;1103;0
154966;2907;2573;16870;18906;64325;59103;17755;20969;38241;37144;6505;6431;0;0;8363;7597;0;527;0;0;0;0;0;0;0;448;0;1268;0;0;0;0;0;0;0;0;0;0;0;0;0;0;0;0;0;0;0;0;0;0;0;0;0;0;0;0;0;0;0;0
149737;2750;2590;17005;18569;62338;55015;13935;19223;35786;36231;7381;7004;0;0;7842;8035;0;540;0;0;0;0;0;0;0;413;2700;2117;0;0;0;0;0;0;0;0;0;0;0;0;0;0;0;0;0;0;0;0;0;0;0;0;0;0;0;0;0;0;0;0
141214;2454;2254;16194;16725;62530;56001;15292;19910;28233;28970;6378;7346;0;0;7983;7717;0;412;0;0;0;0;0;0;0;258;2150;1621;0;0;0;0;0;0;0;0;0;0;0;0;0;0;0;0;0;0;0;0;0;0;0;0;0;0;0;0;0;0;0;0
157220;2007;1773;25959;24373;56749;53247;14818;20574;37180;34171;13668;16961;0;0;3851;3980;0;281;0;0;0;0;0;0;0;297;1575;1563;0;0;0;0;0;0;0;0;0;0;0;0;0;0;0;0;0;0;0;0;0;0;0;0;0;0;0;0;0;0;1413;0
154609;2328;2012;22268;21518;55401;51621;18204;21783;29679;30870;18871;19978;0;0;4389;4501;0;366;0;0;0;0;0;0;436;391;1597;1569;0;0;0;0;0;0;0;0;0;0;0;0;0;0;0;0;0;0;0;0;0;0;0;0;0;0;0;0;0;0;1436;0
143690;2294;2123;20800;18677;61579;54525;14032;19726;32744;34630;5921;6208;0;0;6320;6200;0;483;0;0;0;0;0;0;0;315;0;803;0;0;0;0;0;0;0;0;0;0;0;0;0;0;0;0;0;0;0;0;0;0;0;0;0;0;0;0;0;0;0;0
136100;1716;1603;27060;22991;45876;41081;12106;17147;37433;38448;8109;9524;0;0;3800;3651;0;537;0;0;0;0;0;0;0;305;0;813;0;0;0;0;0;0;0;0;0;0;0;0;0;0;0;0;0;0;0;0;0;0;0;0;0;0;0;0;0;0;0;0
133277;2151;1955;19247;19114;54065;49258;14092;16968;33133;33488;5360;5946;0;0;5229;4975;0;463;0;0;0;0;0;0;0;281;0;829;0;0;0;0;0;0;0;0;0;0;0;0;0;0;0;0;0;0;0;0;0;0;0;0;0;0;0;0;0;0;0;0
159655;2884;2857;17168;18846;63211;60413;23820;22051;37166;39545;5896;5919;0;0;7930;7876;0;618;0;0;0;0;0;0;0;373;0;1157;0;0;0;0;0;0;0;0;0;0;0;0;0;0;0;0;0;0;0;0;0;0;0;0;0;0;0;0;0;0;1580;0
145614;2383;2228;20864;21336;55605;51459;13097;17402;40265;39659;6491;6418;0;0;5394;5268;0;517;0;0;0;0;0;0;0;316;995;1011;0;0;0;0;0;0;0;0;0;0;0;0;0;0;0;0;0;0;0;0;0;0;0;0;0;0;0;0;0;0;520;0
137330;2421;2276;21393;20227;55128;49522;12755;16882;33586;35235;5849;6781;0;0;4908;4772;0;569;0;0;0;0;1290;0;0;251;0;815;0;0;0;0;0;0;0;0;0;0;0;0;0;0;0;0;0;0;0;0;0;0;0;0;0;0;0;0;0;0;0;0
140808;3801;3513;51737;45343;48414;41109;13180;20210;10400;11657;11209;13498;0;0;1756;1393;0;504;0;0;0;1121;0;0;0;48;0;122;0;0;0;0;0;0;0;0;0;0;0;0;0;0;0;115;0;0;0;0;0;0;0;2175;0;0;0;0;0;0;311;0
161033;4254;3903;59621;49114;47643;40134;12188;19820;15453;17656;19246;23320;0;0;1594;1275;0;470;0;0;0;1374;0;0;319;173;0;159;0;0;0;0;0;0;0;0;0;0;0;0;0;0;0;112;0;0;0;0;0;0;0;3523;0;0;0;0;0;0;715;0
135727;3713;3630;53275;45401;45711;39966;12290;17526;11080;12927;7530;10679;0;0;2128;1939;0;422;0;0;0;1004;0;0;0;35;0;155;0;0;0;0;0;0;0;0;0;0;0;0;0;0;0;95;0;0;0;0;0;0;0;1948;0;0;0;0;0;0;0;0
144490;4391;4275;56519;47585;47053;40592;13487;19854;11395;12958;9370;12935;0;0;2275;1813;0;556;0;0;0;1256;0;0;0;37;0;119;0;0;0;0;0;0;0;0;0;0;0;0;0;0;0;128;0;0;0;0;0;0;0;2382;0;0;0;0;0;0;0;0
135293;2382;2195;51712;38139;47322;41356;10964;17410;10857;13181;10366;16884;0;0;1690;1290;0;843;0;0;0;1116;0;0;0;27;0;151;0;0;0;0;0;0;0;0;0;0;0;0;0;0;0;76;0;0;0;0;0;0;0;2625;0;0;0;0;0;0;0;0
147952;3104;2730;47897;40485;60214;50391;12968;21137;9815;12133;11032;13382;0;0;2922;2236;0;741;0;0;0;1431;0;0;0;40;0;147;0;0;0;0;0;0;0;0;0;0;0;0;0;0;0;127;0;0;0;0;0;0;0;2972;0;0;0;0;0;0;0;0
156108;3598;3357;52287;41649;55987;47442;16804;24009;10623;13713;13484;17988;0;0;2137;1706;0;644;0;0;0;1434;0;0;0;43;0;182;0;0;0;0;0;0;0;0;0;0;0;0;0;0;0;146;0;0;0;0;0;0;0;3795;0;0;0;0;0;0;1188;0
156363;3465;3141;35602;29960;77514;63835;15268;27119;10267;11590;11257;13158;0;0;2972;2306;0;910;0;0;0;1337;0;0;0;54;0;191;0;0;0;0;0;0;0;0;0;0;0;0;0;0;0;155;0;0;0;0;0;0;0;2607;0;0;0;0;0;0;18;0
132713;3530;3444;41711;31980;52895;43652;12321;22105;9127;10916;7982;12272;0;0;2954;2553;379;1203;0;0;1690;1635;0;0;0;25;0;164;0;0;0;0;0;0;0;0;0;0;0;0;0;0;0;137;0;0;0;0;0;0;0;2627;0;0;0;0;0;0;124;0
141075;2300;2217;35257;29758;62748;49902;16255;27979;7522;9229;12976;15877;0;0;1081;1055;862;807;0;0;2074;1472;0;0;0;26;0;127;0;0;0;0;0;0;0;0;0;0;0;0;0;0;0;74;0;0;0;0;0;0;0;2552;0;0;0;0;0;0;0;0
131624;2757;2617;42438;31677;53317;43285;11785;23124;7497;9336;9434;14730;0;0;2360;2197;0;365;0;0;1785;1434;0;0;0;30;0;121;0;0;0;0;0;0;0;0;0;0;0;0;0;0;0;77;0;0;0;0;0;0;0;2631;0;0;0;0;0;0;251;0
166456;3400;2837;45127;36352;75224;60875;17463;30530;9066;10853;13141;17210;0;0;1432;1490;1603;1133;0;0;0;1665;0;0;0;32;0;174;0;0;0;0;0;0;0;0;0;0;0;0;0;0;0;106;0;0;0;0;0;0;0;3199;0;0;0;0;0;0;0;0
133425;2374;2221;42751;30892;53416;40831;12350;23194;9016;11333;10970;18560;0;0;1516;1070;0;1049;0;0;0;1005;0;0;0;37;588;269;0;0;0;0;0;0;0;0;0;0;0;0;0;0;0;125;0;0;0;0;0;0;0;2839;0;0;0;0;0;0;444;0
128322;2768;2732;43514;30978;48218;39674;10972;21904;8909;11247;8536;13998;0;0;1577;1556;1385;1282;0;0;2443;1924;0;0;0;38;0;158;0;0;0;0;0;0;0;0;0;0;0;0;0;0;0;109;0;0;0;0;0;0;0;2722;0;0;0;0;0;0;0;0
155748;2821;2322;36629;29515;72680;56989;18588;33225;7718;8699;15618;18258;0;0;1694;1140;0;701;0;0;0;1437;0;0;0;30;0;165;0;0;0;0;0;0;0;0;0;0;0;0;0;0;0;110;0;0;0;0;0;0;0;3157;0;0;0;0;0;0;0;0
132429;2217;2091;39147;29107;45866;36031;12876;22761;12031;14551;15701;20645;0;0;1327;1266;862;824;0;0;1879;1415;0;0;170;92;353;210;0;0;0;0;0;0;0;0;0;0;0;0;0;0;0;81;0;0;0;0;0;0;0;3355;0;0;0;0;0;0;0;0
156548;2671;2150;45074;33243;55027;43089;14336;27031;11998;15397;23403;28225;0;0;1546;1183;0;651;0;0;2077;1503;0;0;0;62;416;190;0;0;0;0;0;0;0;0;0;0;0;0;0;0;0;102;0;0;0;0;0;0;0;3722;0;0;0;0;0;0;0;0
128119;3099;2765;44973;35058;45410;37526;10177;18630;9449;11103;12072;15677;0;0;2457;1680;0;1098;0;0;0;1463;0;0;0;60;0;178;0;0;0;0;0;0;0;0;0;0;0;0;0;0;0;109;0;0;0;0;0;0;0;2772;0;0;0;0;0;0;482;0
158857;3969;4213;44542;34376;62281;49267;15843;28409;11594;13813;15243;19863;0;0;2434;1766;0;1068;0;0;2722;1858;0;0;0;41;0;198;0;0;0;0;0;0;0;0;0;0;0;0;0;0;0;150;0;0;0;0;0;0;0;3835;0;0;0;0;0;0;229;0
176435;3467;3050;60581;43605;60536;49924;13553;26539;11213;14869;20963;29727;0;0;1860;1501;0;788;0;0;0;1650;0;0;0;87;0;173;0;0;0;0;0;0;0;0;396;0;0;0;0;0;0;132;0;0;0;0;0;0;3866;4390;0;0;0;0;0;0;0;0
176808;5386;4959;50797;42756;69191;56677;18409;29697;11574;13403;16215;19379;0;0;2183;1907;1772;1723;0;0;0;1765;0;0;0;79;0;228;0;0;0;0;0;0;0;0;0;0;0;0;0;0;0;137;0;0;0;0;0;0;0;4098;0;0;0;0;0;0;1281;0
148308;3135;2708;44903;35748;64472;50275;12966;25219;9171;10891;11296;15683;0;0;2365;1607;0;1458;0;0;0;1618;0;0;0;41;0;165;0;0;0;0;0;0;0;0;0;0;0;0;0;0;0;113;0;0;0;0;0;0;0;2782;0;0;0;0;0;0;0;0
136404;1658;1545;22854;22341;57882;51863;9942;14382;33005;32391;5540;6507;0;0;3798;3631;0;299;0;0;0;0;0;0;0;127;0;0;0;0;0;0;0;0;0;0;0;0;0;0;0;0;0;0;0;0;0;0;1416;1009;0;2309;0;0;0;0;0;0;309;0
131047;1984;1912;29106;23845;44903;42063;8211;11921;35666;36508;4921;6451;0;0;4864;4607;0;467;0;0;0;0;0;0;0;268;0;0;0;0;0;0;0;0;0;0;0;0;0;0;0;0;0;0;0;0;0;0;0;489;0;2516;0;0;0;0;0;0;1392;0
128032;1860;1843;22839;21710;42706;39723;9808;12671;39605;37959;5762;6074;0;0;4857;4385;0;491;0;0;0;0;0;0;0;186;0;0;0;0;0;0;0;0;0;0;0;0;0;0;0;0;0;0;0;0;0;0;0;406;0;2584;0;0;0;0;0;0;595;0
139919;2112;1971;37032;27092;40063;42479;10056;12393;35942;38257;7391;7608;0;0;5475;4924;0;513;0;0;0;0;0;0;0;191;0;0;0;0;0;0;0;0;0;0;0;0;0;0;0;0;0;0;0;0;0;0;0;499;0;3992;0;0;0;0;0;0;1848;0
151129;1962;1637;33468;26879;45899;41750;8889;13419;43013;41765;12129;15620;0;0;4149;3760;0;451;0;0;0;0;0;0;0;293;0;0;0;0;0;0;0;0;0;0;0;0;0;0;0;0;0;0;0;0;0;0;0;600;0;4955;0;0;0;0;0;0;1620;0
164803;2274;1893;34658;28034;46590;44951;15695;16832;49344;48724;11471;13243;0;0;4771;4209;0;574;0;0;0;0;0;0;0;190;0;0;0;0;0;0;0;0;0;0;0;0;0;0;0;0;0;0;0;0;0;0;0;634;0;5519;0;0;0;0;0;0;0;0
116989;1952;1743;20224;19006;42988;37841;9237;12557;33672;33017;4196;4919;0;0;4720;4168;0;397;0;0;0;0;0;0;0;156;0;0;0;0;0;0;0;0;0;0;0;0;0;0;0;0;0;0;0;0;0;0;0;478;0;2707;0;0;0;0;0;0;0;0
148939;2261;1845;27824;25004;46726;44770;12534;14342;45820;45439;5684;6654;0;0;6574;5978;0;615;0;0;0;0;0;0;582;395;0;0;0;0;0;0;0;0;0;0;0;0;0;0;0;0;0;0;0;0;0;0;0;557;0;3340;0;0;0;0;0;0;934;0
130502;1857;1606;27055;22682;39600;38338;10313;12118;41361;40815;5936;6762;0;0;4380;3941;0;532;0;0;0;0;0;0;0;185;0;0;0;0;0;0;0;0;0;0;0;0;0;0;0;0;0;0;0;0;0;0;0;414;0;3109;0;0;0;0;0;0;0;0
172799;3873;2735;61544;42279;66214;61307;17881;28754;11331;15360;9518;14005;0;0;2438;1820;0;689;0;1548;0;0;0;1022;0;72;0;0;0;0;0;0;0;0;0;0;0;0;0;0;0;0;0;123;0;0;0;0;0;327;0;2758;0;0;0;0;0;0;0;0
139346;2813;2187;33987;28973;62145;54737;20470;25933;8310;10171;10094;11622;0;0;1527;1192;0;409;0;1123;0;0;0;288;0;31;0;0;0;0;0;0;0;0;0;0;0;0;0;0;0;0;0;79;0;0;0;0;0;397;0;2204;0;0;0;0;0;0;0;0
138790;3133;2553;38080;32414;59853;49065;13084;23679;9935;11239;13222;13732;0;0;1483;1188;0;432;0;1118;0;0;0;227;0;31;0;0;0;0;0;0;0;0;0;0;0;0;0;0;0;0;0;98;0;0;0;0;0;324;0;2690;0;0;0;0;0;0;0;0
129502;4212;2615;29768;26369;59719;49993;15621;24093;8979;10510;9690;10221;0;0;1513;1130;0;482;0;1278;0;0;0;385;0;25;0;0;0;0;0;0;0;0;0;0;0;0;0;0;0;0;0;100;0;0;0;0;0;284;0;2017;0;0;0;0;0;0;0;0
133191;3062;2458;37332;34984;61167;43300;8684;21190;11579;14197;8768;11065;0;0;1798;1560;0;547;0;1158;0;0;0;248;0;36;0;0;0;0;0;0;0;0;0;0;0;0;0;0;0;0;0;158;0;0;0;0;0;260;0;2030;0;0;0;0;0;0;801;0
120001;3429;2390;28042;22419;53705;48270;16213;22500;8043;9642;9274;9922;0;0;1295;1021;0;354;0;1237;0;0;0;149;0;22;0;0;0;0;0;0;0;0;0;0;0;0;0;0;0;0;0;92;0;0;0;0;0;266;0;1717;0;0;0;0;0;0;0;0
139027;3573;2348;35039;30426;61980;50519;11330;20509;11639;13128;14143;16500;0;0;1323;1099;0;350;0;1119;0;0;0;155;0;27;0;0;0;0;0;0;0;0;0;0;0;0;0;0;0;0;0;74;0;0;0;0;0;284;0;2489;0;0;0;0;0;0;0;0
154343;3255;2698;44416;36122;65215;53078;16541;28104;11884;13186;10685;13047;0;0;2347;1895;0;638;0;1627;0;0;0;540;0;31;0;0;0;0;0;0;0;0;0;0;0;0;0;0;0;0;0;118;0;0;0;0;0;311;0;2948;0;0;0;0;0;0;0;0
191097;3627;2619;57338;43303;68081;61777;22054;29045;10737;13922;23696;29745;0;0;2043;1153;0;2265;0;1035;0;0;0;245;0;34;304;0;0;0;0;0;0;0;0;0;0;0;0;0;0;0;0;96;833;0;0;0;2384;1305;0;4553;0;0;0;0;0;0;0;0
147381;3191;2788;54255;39125;51892;46831;14051;22748;10218;12098;10515;14609;0;0;3259;2284;0;1508;0;1468;0;0;0;421;0;30;0;0;0;0;0;0;0;0;0;0;0;0;0;0;0;0;0;137;0;0;0;0;0;425;0;2909;0;0;0;0;0;0;0;0
153455;3013;2744;48713;40325;57736;48785;12878;22392;13002;15457;9277;12919;0;0;1807;1798;3631;3601;0;1443;0;0;0;314;210;121;0;0;0;0;0;0;0;0;0;0;0;0;0;0;0;0;0;158;0;0;0;0;0;319;3188;3079;0;0;0;0;0;0;0;0
164052;3870;2884;40404;36117;71481;57953;14870;26988;12546;13486;13748;16485;0;0;2710;1935;0;1918;3140;2217;0;0;0;453;0;44;0;0;0;0;0;0;0;0;0;0;0;0;0;0;0;0;0;116;0;0;0;0;0;426;0;3030;0;0;0;0;0;0;1283;0
163350;4062;3166;55070;44362;52311;45212;14725;22932;22205;22670;10834;13936;0;0;4143;3197;0;1373;0;2074;0;0;0;414;0;55;0;0;0;0;0;0;0;0;0;0;0;0;0;0;0;0;0;132;0;0;0;0;0;406;0;3421;0;0;0;0;0;0;0;0
131065;4156;3205;34342;28982;50035;44143;14105;19605;15989;16977;8840;8528;0;0;3598;2533;0;1662;0;1945;0;0;0;387;0;32;0;0;0;0;0;0;0;0;0;0;0;0;0;0;0;0;0;114;0;0;0;0;0;391;0;2561;0;0;0;0;0;0;0;0
156149;3719;3029;42287;34790;61994;52517;19431;26201;10926;13137;12637;15635;0;0;3230;2272;0;1980;0;1889;0;0;0;575;0;59;0;0;0;0;0;0;0;0;0;0;0;0;0;0;0;0;0;134;0;0;0;0;0;609;0;3322;0;0;0;0;0;0;1925;0
112507;1738;1221;16724;14831;0;0;9508;13992;5362;5641;8477;8923;67284;57712;2045;1347;0;1086;0;789;0;650;0;99;0;20;1369;309;0;1297;0;0;0;0;0;0;0;0;0;143;0;0;0;63;0;251;0;0;0;1517;0;1896;0;720;0;0;0;0;0;0
140360;2228;1157;24402;19106;0;0;16433;22094;6073;6265;17573;17458;67518;61088;1837;1018;0;1711;0;996;0;959;0;91;0;35;0;54;0;1434;0;0;0;0;0;0;0;0;0;114;0;0;0;60;0;289;0;0;3969;2453;0;2562;0;1416;0;0;0;0;327;0
154723;2174;1218;21693;20646;0;0;20220;22532;8510;8417;25879;18984;71748;68578;2636;1855;0;928;0;1052;0;1031;0;162;0;32;5;47;63;1467;0;0;0;0;0;0;0;0;0;119;0;0;0;71;0;338;0;0;88;1933;0;3691;1697;1622;0;0;0;0;10;0
186845;2143;1556;35144;29179;0;0;20645;29842;7146;8768;19965;23104;90368;79120;2007;1508;0;879;0;1065;0;1313;0;150;0;36;0;70;3109;1990;0;0;0;0;0;0;0;0;0;141;0;0;0;101;0;408;0;0;3120;1851;0;3568;2415;2196;0;0;0;0;783;0
174765;2418;1611;26630;26701;0;0;13994;21359;10838;10621;14082;14178;98542;85841;3276;2569;0;1257;0;1147;0;993;0;227;0;34;656;120;0;1321;0;0;0;0;0;0;0;0;0;146;0;0;0;85;0;226;0;0;3863;2323;0;3421;0;585;0;0;0;0;466;0
158045;1459;1123;55691;31067;0;0;15766;28189;7773;10705;15307;27405;57161;48622;1531;1117;0;482;0;461;0;1019;0;96;123;70;217;95;0;751;0;0;0;0;0;0;0;0;0;85;0;0;0;73;0;306;0;0;1732;1283;0;4164;0;932;0;0;0;0;1285;0
170334;1469;1028;44917;32109;0;0;24022;31531;9109;10996;21722;27466;61412;55854;1286;1038;0;439;0;546;0;1099;0;106;0;51;221;127;1574;1079;0;0;0;0;0;0;0;0;0;83;0;0;0;74;0;352;0;0;2147;1283;0;3715;1616;1358;0;0;0;0;839;0
155666;1546;1000;43835;30403;0;0;17033;25600;8266;10603;20507;26219;58849;51064;1289;1073;0;503;0;493;0;1005;0;153;0;54;460;148;0;813;0;0;0;0;0;0;0;0;0;111;0;0;0;63;0;325;0;0;2097;1236;0;3624;0;1176;0;0;0;0;1784;0
173138;1561;1086;47101;32308;0;0;20442;29355;9665;11587;24967;33340;63075;53814;1413;1029;0;498;0;528;0;1120;0;160;0;33;412;140;0;929;0;0;0;0;0;0;0;0;0;117;0;0;0;69;0;361;0;0;2623;1550;0;4045;0;1069;0;0;0;0;1879;0
192148;1783;1145;37277;31856;0;0;26030;37893;7201;8581;25062;24576;87060;75712;1548;1145;0;793;1926;1106;0;1131;0;105;0;20;0;62;0;1038;0;0;0;0;0;0;0;0;0;81;0;0;0;91;0;337;0;0;1986;1515;0;3471;1601;1490;0;0;674;0;0;0
161912;2087;1544;23041;20380;0;0;14745;23226;5967;7074;19499;18258;82305;74860;1172;1186;3455;2960;0;926;0;966;0;149;0;34;375;193;3612;2659;0;0;0;0;0;0;0;0;0;195;0;0;0;73;0;455;0;0;3905;2669;0;2503;1749;1602;0;0;0;0;0;0
183059;2456;1459;28179;23078;0;0;25954;34361;6928;7442;19133;21967;98057;81106;2215;1409;0;786;49;939;0;1167;0;140;0;33;0;68;0;1973;0;0;0;0;0;0;0;0;0;161;0;0;0;101;0;516;0;0;41;1717;0;2611;35;2025;0;0;12;0;0;0
142584;1966;1402;21406;17747;0;0;10142;18243;6156;7122;16188;16341;76741;68886;2063;1641;0;1420;0;727;0;864;0;245;0;16;608;139;2860;2163;0;0;0;0;0;0;0;0;0;249;0;0;0;71;0;325;0;0;2409;1927;0;1868;1296;1188;0;0;749;0;0;0
183832;2439;1704;25894;23512;0;0;19076;28911;7568;8897;21516;20871;94302;83058;1883;1501;0;835;0;1257;0;1128;0;219;0;28;0;57;3399;2740;0;0;0;0;0;0;0;0;0;193;0;0;0;91;0;489;0;0;4511;3277;0;3098;1921;1966;0;0;0;0;1323;0
94922;1524;1049;15336;13611;0;0;11065;13485;6851;7536;6717;6189;49398;43628;3039;2190;0;1449;0;686;0;537;0;110;0;17;0;25;0;1213;0;0;0;0;0;0;0;0;0;112;0;0;0;46;0;187;0;0;0;1178;0;1160;0;514;0;0;992;0;0;0
171065;2818;1584;25337;23634;0;0;22940;24031;9362;9554;17133;15002;84953;82466;3295;2373;0;1373;0;1152;0;1172;0;130;0;28;0;41;0;1397;0;0;0;0;0;0;0;0;0;155;0;0;0;80;1176;710;0;0;4051;2635;0;2843;0;705;0;0;0;0;0;0
118249;1536;1124;16573;17773;0;0;22069;18202;9217;9198;8767;9054;54275;52476;2600;2077;0;792;0;789;0;723;0;100;0;18;0;40;0;912;0;0;0;0;0;0;0;0;0;116;0;0;0;72;0;226;0;0;3212;2392;0;1618;0;547;0;0;0;0;0;0
104487;2052;1227;17920;14151;0;0;10305;14359;4868;5742;5828;6786;54904;51702;1743;1761;1719;1388;0;674;0;599;0;59;0;20;522;124;0;1140;0;0;0;0;0;0;0;0;0;157;0;0;0;54;0;194;0;0;4626;2472;0;1392;0;486;0;0;0;0;0;0
112708;1621;1345;24922;15817;0;0;8650;15232;5410;7257;4372;5925;61572;55844;2519;2085;0;1258;0;772;0;629;0;69;0;13;0;28;0;1232;0;0;0;0;0;0;0;0;0;93;0;0;0;47;0;171;0;0;3040;2831;0;1526;0;534;0;0;0;0;602;0
153659;3314;1680;30587;25606;0;0;18922;19418;10544;10629;13833;12807;71148;68586;3818;2839;0;913;0;1284;0;965;0;234;0;37;0;62;0;1026;0;0;0;0;0;0;0;0;0;198;0;0;0;105;0;213;0;0;0;2083;0;3686;1493;1288;0;0;0;0;0;0
171002;1933;1455;35207;29375;0;0;21618;22998;10514;11453;14784;18343;75653;72120;2753;2297;0;1100;0;1037;0;1316;0;153;0;40;0;68;0;1078;0;0;0;0;0;0;0;0;0;129;0;0;0;101;0;430;0;0;4410;2772;2903;3566;1227;1171;0;0;0;0;0;0
143939;2151;1957;34321;24828;0;0;11058;16553;9396;11310;6423;8580;72791;66951;3463;3020;0;1185;0;1225;0;966;0;159;0;22;0;49;0;1288;0;0;0;0;0;0;0;0;0;226;0;0;0;94;0;191;0;0;2830;2305;0;2269;0;761;0;0;0;0;1506;0
124026;1859;2270;24261;24467;0;0;8664;14272;6567;9093;6031;8060;54891;54009;2994;3071;0;693;0;1132;0;872;0;108;0;21;0;33;0;1054;0;0;0;0;0;0;0;0;0;222;0;0;0;59;0;176;0;0;1563;1565;0;2207;0;642;0;0;0;0;17196;0
129049;1563;1170;26044;19553;0;0;13590;17523;7601;8316;11726;13512;62548;57433;1899;1759;2213;1937;0;1061;0;790;0;188;0;58;0;33;1562;770;0;0;0;0;0;0;0;0;0;138;0;0;0;55;0;244;0;0;0;754;0;3041;0;714;0;0;0;0;303;0
117290;1654;974;23920;22018;0;0;9898;16066;6318;6865;13096;10937;58848;51124;1701;1593;1855;1520;0;818;0;690;0;293;0;20;0;30;0;414;0;0;0;0;0;0;0;0;0;131;0;0;0;50;0;181;0;0;0;595;0;2401;0;570;0;0;0;0;0;0
115851;1784;1272;28882;26869;0;0;8805;13398;7475;8116;9380;8707;55174;49248;2775;2384;0;614;0;711;0;597;0;231;0;35;0;25;0;261;0;0;0;0;0;0;0;0;0;70;0;0;0;56;0;165;0;0;1234;697;0;2093;0;302;0;0;0;0;342;0
126096;2057;1735;33763;29265;0;0;9604;14036;9994;10550;9302;8678;57632;51661;3094;2458;0;916;0;999;0;1005;0;511;0;31;0;49;0;487;0;0;0;0;0;0;0;0;0;111;0;0;0;93;0;167;0;0;0;484;0;2248;0;612;0;0;0;0;650;0
128501;1198;1384;18717;21863;0;0;4885;14520;6624;8038;5985;8731;86658;62880;3027;2682;0;1215;0;1045;0;827;0;259;0;25;0;48;0;546;0;0;0;0;0;0;0;0;0;112;0;0;0;59;0;185;0;0;1407;1091;0;2332;0;659;0;0;0;0;0;0
171989;2553;2119;37133;32847;0;0;17346;23222;9231;12176;14054;17294;80239;68128;3835;3023;0;1301;0;1520;0;1061;0;618;0;37;0;42;0;553;0;0;0;0;0;0;0;0;0;187;0;0;0;128;0;400;0;0;3658;2662;3248;3512;0;1159;0;0;0;0;692;0
135845;1335;1091;32269;28248;0;0;12736;20048;8275;8821;15036;18043;60685;48552;1596;1362;0;596;1946;1095;0;794;0;208;0;45;0;37;0;308;0;0;0;0;0;0;0;0;0;70;0;0;0;50;0;210;0;0;1686;1177;0;4096;0;994;0;0;0;0;281;0
179941;2512;2030;44505;37820;0;0;15361;24978;13798;14667;17109;20314;76897;63392;3551;2714;0;1251;0;1512;0;1355;0;393;0;66;0;66;0;492;0;0;0;0;0;0;0;0;0;142;0;0;0;136;0;364;0;0;0;1610;4166;5035;0;1604;0;0;2042;0;0;0
135154;1572;1190;41246;29751;0;0;10652;18528;10923;12554;15043;20934;48943;40094;2320;1835;0;611;0;620;0;1129;0;168;187;106;0;52;0;233;0;0;0;0;0;0;0;0;0;89;0;0;0;79;0;313;0;0;0;847;4268;4940;0;1081;0;0;0;0;0;0
124786;1689;1371;37159;30766;0;0;10498;14592;10794;11698;10048;12210;47519;42645;3136;2548;0;752;0;776;0;946;0;209;0;62;0;44;0;267;0;0;0;0;0;0;0;0;0;85;0;0;0;80;0;262;0;0;0;753;2653;3220;1290;1500;0;0;0;0;0;0
171076;2256;1692;40464;36327;0;0;18809;23177;9610;11262;16521;19517;75280;64763;3289;2487;0;1474;0;1139;0;1162;0;359;0;28;0;42;0;495;0;0;0;0;0;0;0;0;0;120;0;0;0;94;0;361;0;0;0;1065;3205;3690;1642;1822;0;0;0;0;0;0
135005;2840;2297;25143;23235;0;0;15185;20868;8072;8828;22717;15071;56491;53201;2716;1750;0;1791;0;1089;0;917;0;99;0;67;0;50;0;329;0;0;0;0;0;0;0;0;0;120;0;0;0;60;0;246;0;0;1841;979;0;2828;0;1180;0;0;0;0;0;0
162052;2659;1900;28487;23712;0;0;13592;22188;13000;13717;14723;12475;85574;75708;3305;2504;0;1580;0;1339;0;804;0;259;0;33;0;56;0;495;0;0;0;0;0;0;0;0;0;196;0;0;0;70;0;264;0;0;0;1242;0;2807;0;703;0;0;0;0;712;0
147482;3186;2289;28659;25872;0;0;12858;20360;8817;9346;13649;14285;75542;63513;1620;1575;2230;1826;0;1205;0;1067;921;232;0;46;0;47;0;379;0;0;0;0;0;0;0;0;0;113;0;0;0;59;0;307;0;0;0;1087;0;2888;0;986;0;0;0;0;0;0
146050;3121;1867;27794;24747;0;0;13713;18742;14803;13317;14598;13182;66253;62265;3029;1829;0;1790;0;1090;0;771;0;277;0;62;0;40;2213;784;0;0;0;0;0;0;0;0;0;157;0;0;0;57;0;242;0;0;0;990;0;3076;0;765;0;0;0;0;526;0
170031;2185;1569;39055;31440;0;0;17030;23203;9334;10582;21914;24341;73800;65294;2312;1287;0;2462;0;1011;0;1103;0;250;0;36;0;59;0;428;0;0;0;0;0;0;0;0;0;147;0;0;0;39;0;260;0;0;0;1422;3659;4262;0;836;0;0;0;0;742;0
135957;1789;1748;26268;24981;0;0;14638;17645;9318;10552;19708;16898;56644;51728;2038;1602;0;899;0;665;0;965;0;136;230;113;177;89;1022;674;0;0;0;0;0;0;0;0;0;115;0;0;0;88;0;307;0;0;1621;1073;0;4166;1658;1513;0;0;0;0;846;0
177024;2484;1754;27427;25356;0;0;20137;27522;8264;9425;15031;16430;92508;80335;2834;2168;0;1777;0;1187;0;1208;0;200;0;46;444;122;2552;1609;0;0;0;0;0;0;0;0;0;191;0;0;0;110;0;405;0;0;2804;1790;0;3399;2539;1990;0;0;0;0;0;0
133619;2191;1497;20901;18290;0;0;15337;19314;8025;7605;9962;10139;69102;64647;2549;1919;0;1725;0;1077;0;703;0;172;0;30;0;41;2385;1432;0;0;0;0;0;0;0;0;0;182;0;0;0;63;888;495;0;0;1982;1367;0;2170;0;751;0;0;0;0;297;0
164678;2832;1790;24977;23937;0;0;18406;26391;10245;10341;17398;14310;82046;72060;4483;3499;0;1013;0;1283;0;1040;0;344;0;36;0;96;0;1005;0;0;0;0;0;0;0;0;0;250;0;0;0;131;0;331;0;0;4291;2387;0;3496;0;938;0;0;0;0;0;0
158857;2008;1618;19107;20392;0;0;17464;26018;7842;8735;20093;17753;83181;70559;1314;1202;2092;1800;0;1200;0;1039;0;242;0;41;0;53;2606;1507;0;0;0;0;0;0;0;0;0;357;0;0;0;71;0;353;0;0;3150;2299;0;2635;0;983;0;0;0;0;0;0
170224;2992;2194;22859;20544;0;0;21115;28362;8822;9369;15030;15668;85429;77911;2814;2262;0;1010;0;1196;0;1018;0;390;0;34;0;85;5367;2849;0;0;0;0;0;0;0;0;0;397;0;0;0;119;0;334;0;0;3671;2728;0;2951;0;803;0;0;737;0;1388;0
142504;1527;1120;25364;26656;48518;39482;14514;27557;6601;9439;42116;31076;0;0;1068;691;0;758;0;0;0;667;0;250;0;144;446;150;0;0;0;0;0;143;0;0;0;30;0;0;0;0;0;60;0;361;0;0;0;494;2350;3426;0;0;0;0;0;0;0;0
129259;1789;1539;33525;26675;44002;37151;13327;22059;10902;11437;21453;22916;0;0;1673;999;0;1365;0;0;0;756;0;263;322;253;373;128;0;0;0;0;0;217;0;0;0;43;0;0;0;0;0;62;0;336;0;0;0;444;1893;2616;0;0;0;0;0;0;0;0
185176;2730;2507;36550;34915;82344;61918;23717;38125;9657;11118;24138;25364;0;0;2914;2265;0;1273;0;0;0;1089;0;1085;328;197;0;68;0;0;0;0;0;346;0;0;0;49;0;0;0;0;0;88;0;356;0;0;0;552;2798;3861;0;0;0;0;0;0;0;0
125558;1711;1450;35396;25797;53829;41672;10819;22873;6225;7680;15511;19402;0;0;1768;1069;0;1601;0;0;0;582;0;275;299;148;0;68;0;0;0;0;0;239;0;0;0;50;0;0;0;0;0;40;0;210;0;0;0;351;0;2051;0;0;0;0;0;0;0;0
154949;2431;1978;36910;28943;66116;51146;17768;31686;7973;8661;21104;22902;0;0;2647;1411;0;2651;0;0;0;787;0;701;0;88;0;94;0;0;0;0;0;502;0;0;0;100;0;0;0;0;0;59;0;275;0;0;0;413;0;2552;0;0;0;0;0;0;0;0
129901;2288;2045;33916;26524;55049;42318;13177;24408;8157;9327;14009;17018;0;0;2385;1730;0;1377;0;0;0;956;0;465;0;79;0;60;0;0;0;0;0;261;0;0;0;46;0;0;0;0;0;68;0;325;0;0;920;523;0;2371;0;0;0;0;0;0;0;0
164521;2560;2140;44071;31431;69575;53864;19793;33634;8627;10511;15379;22834;0;0;2720;1775;0;1503;0;0;0;934;0;907;319;140;0;70;0;0;0;0;0;311;0;0;0;124;0;0;0;0;0;94;0;503;0;0;1477;881;0;2865;0;0;0;0;0;0;0;0
156053;2440;1882;34718;31079;61328;50274;19431;30179;9800;10382;23966;23090;0;0;2436;1538;0;1548;0;0;0;943;971;608;0;109;0;64;0;0;0;0;0;245;0;0;0;59;0;0;0;0;0;70;0;360;0;0;963;628;0;2995;0;0;0;0;0;0;0;0
170674;2745;2300;39430;33711;70606;55618;24682;34641;9169;10852;18626;22773;0;0;2798;1941;0;1954;0;0;0;1161;0;905;0;60;0;85;0;0;0;0;0;318;0;0;0;68;0;0;0;0;0;108;0;353;0;0;1177;785;0;3041;0;0;0;0;0;0;1441;0
168927;3239;2698;41484;35331;73308;57889;19924;31932;10693;12256;14594;16917;0;0;3657;2622;0;1853;0;0;0;1131;0;912;372;186;0;70;0;0;0;0;0;358;0;0;0;62;0;0;0;0;0;160;0;264;0;0;1656;1040;0;3246;0;0;0;0;0;0;0;0
154351;3030;2561;32606;27907;65474;52745;19839;28688;10938;11554;18132;19829;0;0;3328;2429;0;1444;0;0;0;1070;0;1173;0;86;0;78;0;0;0;0;0;401;0;0;0;57;0;0;0;0;0;157;0;317;0;0;0;905;0;2950;0;0;0;0;0;0;1004;0
126601;2504;2189;30902;24289;55492;44068;12822;23060;8177;8840;12749;15606;0;0;2404;1578;0;1608;0;0;0;777;1240;909;0;92;0;79;0;0;0;0;0;276;0;0;0;56;0;0;0;0;0;83;0;329;0;0;0;533;0;2229;0;0;0;0;0;0;311;0
159936;3218;2871;39951;32195;70599;57878;15604;26534;11775;12351;14226;17732;0;0;2996;1867;0;2251;0;0;0;915;0;644;0;55;0;86;0;0;0;0;0;397;0;0;0;66;0;0;0;0;0;123;0;314;0;0;0;827;0;2830;0;0;0;0;0;0;1567;0
143521;2030;1855;37845;29227;53872;40566;11845;24654;10034;11807;21452;26051;0;0;1534;1295;0;544;0;0;0;894;0;444;234;133;0;75;0;0;0;0;0;205;0;0;0;28;0;0;0;0;0;76;0;254;0;0;0;405;4359;5008;0;0;0;0;0;0;316;0
155522;2991;2339;39021;31160;68951;55285;17668;29292;8569;9935;15506;18066;0;0;2310;1567;0;1228;0;0;0;1107;0;896;0;67;0;71;0;0;0;0;0;406;0;0;0;48;0;0;0;0;0;95;0;263;0;0;0;390;0;3307;0;0;0;0;0;0;506;0
146160;3219;2667;33279;27376;68652;55806;14235;25553;8935;10093;15404;16649;0;0;2436;1727;0;1013;0;0;0;1095;0;348;0;58;0;83;0;0;0;0;0;316;0;0;0;58;0;0;0;0;0;81;0;321;0;0;0;378;0;2538;0;0;0;0;0;0;0;0
162920;2338;1932;47683;35337;57963;49296;19314;28419;8985;11823;24985;28349;0;0;1652;1318;0;686;0;0;0;958;0;288;0;57;0;62;0;0;0;0;0;239;0;0;0;40;0;0;0;0;0;71;0;285;0;0;0;364;0;3396;0;0;0;0;0;0;0;0
134143;2149;1785;39845;32627;48137;38435;11782;19900;12520;14936;16648;18052;0;0;2418;1772;0;987;0;0;0;1090;0;238;333;121;0;60;0;0;0;0;0;286;0;0;0;48;0;0;0;0;0;73;0;239;0;0;0;236;0;3258;0;0;0;0;0;0;311;0
153296;3375;3040;29977;27740;75337;63120;17199;25455;9821;10357;13173;13770;0;0;2876;2015;0;1415;0;0;0;1139;0;502;0;59;0;98;0;0;0;0;0;332;0;0;0;51;0;0;0;0;0;125;0;274;0;0;1538;1156;0;2648;0;0;0;0;0;0;0;0
144215;2928;2277;35426;29356;59755;49922;17833;26191;10596;11078;14952;16723;0;0;2725;1894;0;979;0;0;0;1060;0;489;0;49;0;65;0;0;0;0;0;328;0;0;0;66;0;0;0;0;0;95;0;267;0;0;0;406;0;2970;0;0;0;0;0;0;0;0
141401;3452;2611;32525;27934;64659;50031;15785;26626;9995;10723;12082;14084;0;0;2903;1825;0;1642;0;0;0;1301;0;385;0;65;0;70;0;0;0;0;0;357;0;0;0;48;0;0;0;0;0;85;0;254;0;0;0;384;0;2976;0;0;0;0;0;0;0;0
155907;3120;2805;34944;30652;62224;52771;24640;30192;10353;11279;15236;17556;0;0;3172;2029;0;1439;0;0;0;1211;2218;1374;0;73;0;67;0;0;0;0;0;450;0;0;0;64;0;0;0;0;0;148;0;337;0;0;0;412;0;3048;0;0;0;0;0;0;0;0
142812;2877;2537;28255;24450;64808;53358;17528;28260;9136;9537;13460;14464;0;0;1915;1813;2172;1955;0;0;0;1023;2661;1698;0;72;0;68;0;0;0;0;0;325;0;0;0;51;0;0;0;0;0;70;0;277;0;0;0;464;0;2390;0;0;0;0;0;0;0;0
157681;2537;1998;51192;32691;44749;42224;12674;21887;9675;13793;33878;35536;0;0;890;764;1063;981;0;0;0;1165;0;581;0;88;0;49;0;0;0;0;0;369;0;0;0;56;0;0;0;0;0;78;1023;658;0;0;0;474;0;4289;0;0;0;0;0;0;0;0
156692;2864;2577;49591;33953;58282;49707;16932;26425;9268;10802;16151;23904;0;0;2106;1271;0;1333;0;0;0;1124;1498;987;0;57;0;55;0;0;0;0;0;508;0;0;0;51;0;0;0;0;0;77;0;323;0;0;0;422;0;3116;0;0;0;0;0;0;0;0
149482;3557;3458;35339;29740;61427;50594;14470;24135;10238;11134;22429;21332;0;0;2022;1310;0;986;0;0;0;1425;0;584;0;38;0;56;0;0;0;0;0;399;0;0;0;298;0;0;0;0;0;86;0;355;0;0;0;523;0;3029;0;0;0;0;0;0;0;0
141835;3305;3164;27052;24662;65336;52083;15454;24887;10129;10742;17460;18247;0;0;2069;1506;0;914;0;0;0;974;0;444;0;42;0;75;0;0;0;0;0;453;0;0;0;93;0;0;0;0;0;97;0;417;0;0;0;430;0;2605;0;0;0;0;0;0;1030;0
141391;3816;3024;22388;22550;66104;53547;24395;30249;8140;8753;11503;12924;0;0;3006;2298;0;1126;0;0;0;1022;0;782;0;45;0;110;0;0;0;0;0;502;0;0;0;140;0;0;0;0;0;131;0;294;0;0;2039;1498;0;2396;0;0;0;0;0;0;0;0
117355;2983;2618;21835;20374;54172;41694;15292;23812;7158;7837;13034;13344;0;0;2881;1978;0;553;0;0;0;937;0;694;0;80;0;61;0;0;0;0;0;287;0;0;0;166;0;0;0;0;0;100;0;254;0;0;0;455;0;2111;0;0;0;0;0;0;0;0
140167;2793;2480;29713;26047;59256;43844;20335;29372;8943;9344;17439;20482;0;0;1688;1309;0;533;0;0;0;1319;0;419;0;62;0;60;0;0;0;0;0;490;0;0;0;116;0;0;0;0;0;83;0;444;0;0;0;465;0;3298;0;0;0;0;0;0;0;0
125418;2689;2066;35026;23058;50967;45201;13686;22993;7100;7765;13091;16971;0;0;1667;941;0;1190;0;0;0;869;0;574;0;38;0;67;0;0;0;0;0;370;0;0;0;48;0;0;0;0;0;74;0;338;0;0;843;611;0;2244;0;0;0;0;0;0;349;0
145797;3392;2561;31385;25762;60739;48389;18198;28734;8449;10056;19869;21388;0;0;2488;1818;0;1282;0;0;0;853;0;584;490;190;0;75;0;0;0;0;0;466;0;0;0;81;0;0;0;0;0;96;0;264;0;0;0;406;0;2792;0;0;0;0;0;0;787;0
143896;2199;1855;28501;26823;55188;43603;13680;24233;9801;11185;30560;26939;0;0;2078;1452;0;1122;0;0;0;870;0;525;0;140;0;63;0;0;0;0;0;372;0;0;0;42;0;0;0;0;0;73;0;318;0;0;814;633;0;3648;0;0;0;0;0;0;1075;0
161713;3270;2567;35885;28434;67812;57169;18278;28714;9608;10648;21479;22893;0;0;2513;1794;0;1211;0;0;0;1088;0;647;310;161;0;97;0;0;0;0;0;525;0;0;0;77;0;0;0;0;0;130;0;392;0;0;0;859;0;4307;0;0;0;0;0;0;2558;0
117289;3263;2303;26275;15742;48662;49688;17233;21665;6117;6636;11176;12524;0;0;2389;1401;0;1289;0;0;0;879;0;413;0;40;0;77;0;0;0;0;0;382;0;0;0;60;0;0;0;0;0;100;0;277;0;0;1760;1536;0;2277;0;0;0;0;0;0;414;0
122655;2181;1767;23587;20080;54169;44205;16521;24483;7077;7775;17349;16962;0;0;1771;1277;0;628;0;0;0;813;0;344;0;57;0;57;0;0;0;0;0;402;0;0;0;148;0;0;0;0;0;67;0;444;0;0;0;705;0;2441;0;0;0;0;0;0;0;0
130128;3110;1966;22530;19969;56931;48146;17946;23997;7918;8428;18639;18408;0;0;2006;1250;0;944;0;0;0;883;0;493;0;74;0;86;0;0;0;0;0;480;0;0;0;115;0;0;0;0;0;76;0;444;0;0;0;1965;0;2404;0;0;0;0;0;0;1048;0
130436;3243;2621;21695;20001;62858;49774;17220;27454;8292;8763;11802;12571;0;0;2895;2036;0;1527;0;0;0;956;0;600;0;137;0;65;0;0;0;0;0;385;0;0;0;86;0;0;0;0;0;114;0;297;0;0;0;572;0;2477;0;0;0;0;0;0;2431;0
146713;2699;2133;43737;34528;45748;38317;10597;17651;31946;34666;9696;12685;0;0;1967;1737;0;0;0;1596;0;0;0;0;323;112;0;0;0;0;0;0;0;0;0;0;0;0;0;0;0;0;0;0;0;0;0;0;0;0;0;2536;0;752;0;0;0;0;0;0
159639;4022;3446;51193;37749;58297;50566;11516;19643;24244;31057;8342;10194;0;0;2025;1874;0;0;0;2013;0;0;0;0;0;48;0;0;0;0;0;0;0;0;0;0;0;0;0;0;0;0;0;0;0;0;0;0;0;0;0;2188;0;861;0;0;0;0;0;0
142795;3814;3079;42910;35506;55727;48373;9486;15094;22965;26775;6058;7507;0;0;1835;1629;0;0;0;2273;0;0;0;0;0;42;0;0;0;0;0;0;0;0;0;0;0;0;0;0;0;0;0;0;0;0;0;0;0;0;0;1853;0;664;0;0;0;0;0;0
147047;3131;2669;44500;36681;48092;42033;10508;17039;27933;31382;6575;9164;0;0;2206;2159;0;0;4102;3030;0;0;0;0;0;50;0;0;0;0;0;0;0;0;0;0;0;0;0;0;0;0;0;0;0;0;0;0;0;0;0;2043;0;797;0;0;0;0;0;0
