Wkr.-Nr.;1;2;3;4;5;6;7;8;9;10;11;12;13;14;15;16;17;18;19;20;21;22;23;24;25;26;27;28;29;30;31;32
1;74802;74480;0;7068;5347;6150;0;0;1306;0;0;0;0;0;0;0;0;0;0;0;0;0;0;0;0;0;0;0;0;0;0;0
2;56380;67786;0;5670;5907;4542;0;0;1213;0;0;0;0;0;0;0;0;0;0;0;0;0;0;0;0;0;0;0;0;0;0;0
3;56428;61471;0;4480;6024;4899;0;0;1471;0;0;0;0;2143;0;0;0;0;0;0;0;0;0;0;0;0;0;0;0;0;0;0
4;68480;69082;0;6164;5607;5106;0;0;1454;0;0;0;0;0;0;0;0;0;0;0;0;0;0;0;0;0;0;0;0;0;0;761
5;75473;50437;0;9196;4509;6103;0;0;1313;0;0;0;0;1759;0;0;0;0;0;0;0;0;0;0;0;0;0;0;0;0;0;0
6;63207;57110;0;5166;4798;0;0;0;1800;0;0;0;0;2341;0;0;0;0;0;0;0;0;0;0;0;0;0;0;0;0;0;0
7;78236;80935;0;9118;6743;6142;0;0;1789;0;0;0;0;0;0;0;0;0;0;0;0;0;0;0;0;0;0;0;0;0;0;0
8;79520;81812;0;7522;7530;5971;0;0;1550;0;0;0;0;2548;0;0;0;0;0;0;0;0;0;0;0;0;0;0;0;0;0;0
9;61947;60608;0;3798;5402;4363;0;0;1201;0;0;0;0;1716;0;0;0;0;0;0;0;0;0;0;0;0;0;0;0;0;0;0
10;82387;83029;0;9499;8955;0;0;0;3078;0;0;0;0;0;0;0;0;0;0;0;0;0;0;0;0;0;0;0;0;0;0;0
11;64442;46254;0;5664;4493;5358;0;0;1322;0;0;0;0;2249;0;0;0;0;0;0;0;0;0;0;0;0;0;0;0;0;0;0
12;57998;44656;0;4322;7999;33509;0;0;5085;0;0;0;0;0;0;0;0;0;0;0;0;0;0;0;0;0;0;0;0;0;0;0
13;54180;35360;0;3466;5158;28167;0;0;4509;0;0;0;0;0;0;0;0;0;0;0;0;0;0;0;0;0;0;0;0;0;0;1306
14;51623;35053;0;12917;5656;30578;0;0;0;0;0;0;0;0;0;0;0;0;0;0;0;1179;0;0;0;0;0;0;0;0;0;0
15;35028;57131;0;2734;4078;32850;0;0;4787;0;0;0;0;0;0;0;0;0;0;0;0;0;0;0;0;0;0;0;0;0;0;1692
16;36308;53000;0;3855;7946;34543;0;0;6865;0;0;0;0;0;0;0;0;0;0;0;0;0;0;0;0;0;0;0;0;0;0;0
17;50836;48653;0;4252;5820;34824;0;0;5261;0;0;740;0;0;0;0;0;0;0;0;0;0;0;0;0;0;0;0;0;0;0;1072
18;40157;42316;0;3358;6183;36734;0;0;6437;0;0;0;0;0;0;0;0;0;0;0;0;0;0;0;0;0;0;0;0;0;0;0
19;87748;48762;0;20230;6407;10869;0;0;2433;0;0;0;0;0;0;0;0;0;0;0;0;0;0;0;0;0;0;0;0;0;0;715
20;61936;45468;0;15507;4444;6492;0;0;973;0;0;0;0;0;0;0;0;0;0;0;0;0;0;0;0;0;0;0;0;0;0;0
21;65610;49039;0;18249;5297;6366;0;0;1068;0;0;0;0;0;0;0;0;0;0;0;0;0;0;0;0;0;0;0;0;0;0;0
22;72148;65788;0;16177;6003;5602;0;0;1053;0;0;0;0;0;0;0;0;0;0;0;0;0;0;0;0;0;0;0;0;0;0;0
23;79926;57577;0;8237;5648;7542;0;0;2256;0;0;0;0;0;0;0;0;0;0;0;0;0;0;0;0;0;0;0;0;0;0;0
24;79967;53810;0;7330;5105;7632;0;0;2352;0;0;460;0;0;0;0;0;0;0;0;0;0;0;0;0;0;0;0;0;0;0;0
25;82618;38467;0;8748;4441;5516;0;0;1660;0;0;0;0;0;0;0;0;0;0;0;0;0;0;0;0;0;0;0;0;0;0;360
26;69621;82559;0;6246;8246;5742;0;0;1920;0;0;979;0;0;0;0;0;0;0;0;0;0;0;0;0;0;0;0;0;0;0;0
27;72454;48472;0;5480;7187;6004;0;0;2413;0;0;0;0;0;0;0;0;0;0;0;0;0;0;0;0;0;0;0;0;0;0;1623
28;73355;58364;0;16369;6341;7963;0;0;1595;0;0;0;0;0;0;0;0;0;0;0;0;0;0;0;0;0;0;0;0;0;0;0
29;86321;59327;0;8209;8741;6856;0;0;2123;0;0;0;0;0;0;0;0;0;0;0;0;0;0;0;0;0;0;0;0;0;0;861
30;71891;57968;0;4962;5438;4078;0;0;2372;0;0;0;0;0;0;0;0;0;0;0;0;0;0;0;0;0;0;0;0;0;0;0
31;67942;64002;0;5918;6488;1551;0;0;2692;0;0;0;0;0;0;0;0;0;0;0;0;0;0;0;0;0;0;0;0;0;0;0
32;61236;98882;0;5848;6167;4315;0;0;1287;0;0;0;0;0;0;0;0;0;0;0;0;0;0;0;0;0;0;0;0;0;0;0
33;41988;101777;0;3723;6177;3018;0;0;1248;0;0;0;0;0;0;0;0;0;0;0;0;0;0;0;0;0;0;0;0;0;0;0
34;68750;58684;0;8329;7454;5418;0;0;1735;0;0;0;0;0;0;0;0;0;0;0;0;0;0;0;0;0;0;0;0;0;0;0
35;73003;52093;0;9774;7001;6281;0;0;2559;0;0;0;0;0;0;0;0;0;0;0;0;0;0;0;0;0;0;0;0;0;0;0
36;58134;54385;0;5260;5507;4417;0;0;2173;0;0;518;0;0;0;0;0;0;0;0;0;0;0;0;0;0;0;0;0;0;0;0
37;64462;66788;0;7065;6599;4904;0;0;1879;0;0;539;0;0;0;0;0;0;0;0;0;0;0;0;0;0;0;0;0;0;0;0
38;61468;49363;0;11557;5603;7124;0;0;1904;0;0;0;0;0;0;0;0;0;0;0;0;0;0;0;0;0;0;0;0;0;0;0
39;61900;71536;0;6884;6635;4274;0;0;1532;0;0;0;0;0;0;0;0;0;0;0;0;0;0;0;0;0;0;0;0;0;0;0
40;67136;61467;0;9528;8038;4801;0;0;1120;0;0;0;0;0;0;0;0;0;0;0;0;0;0;0;0;0;0;0;0;0;0;0
41;80280;57237;0;5190;5374;4637;0;0;2363;0;0;0;0;0;0;0;0;0;0;0;0;0;0;0;0;0;0;0;0;0;0;435
42;73195;44061;0;8333;5419;5565;0;0;1731;0;0;0;0;0;0;0;0;0;0;0;0;207;0;0;0;0;0;0;0;0;0;0
43;79249;44250;0;9943;4629;6305;0;0;1583;0;0;0;0;0;0;0;0;0;0;0;0;0;0;0;0;0;0;0;0;0;0;0
44;92505;70840;0;6100;7931;5466;0;0;2501;0;0;0;0;0;0;0;0;0;0;0;0;0;0;0;0;0;0;0;0;0;0;0
45;79449;70623;0;5275;6156;5477;0;0;2489;0;0;748;0;0;0;0;0;0;0;0;0;0;0;0;0;0;0;0;0;0;0;0
46;87957;63355;0;5645;5354;5984;0;0;2192;0;0;1138;0;0;0;0;0;0;570;0;0;0;0;0;0;0;0;0;0;0;0;0
47;78435;54582;0;6815;7248;6737;0;0;2321;0;0;0;0;0;0;0;0;0;0;0;0;0;0;0;0;0;0;0;0;0;0;0
48;99465;69840;0;8000;6658;6429;0;0;2834;0;0;0;0;0;0;0;0;0;0;0;0;0;0;0;0;0;0;0;0;0;0;0
49;91383;66053;0;8630;4929;5481;0;0;2289;0;0;0;0;0;0;0;0;0;0;0;0;0;0;0;0;0;0;0;0;496;0;0
50;89068;60671;0;5718;4466;6896;0;0;2680;0;0;787;0;0;0;0;0;0;0;0;0;0;0;0;0;0;0;0;0;0;0;0
51;74710;51257;0;6613;4414;6376;0;0;1579;0;0;0;0;0;0;0;0;0;0;0;0;233;0;0;0;0;0;0;0;0;0;0
52;71846;54172;0;5414;4718;5607;0;0;2782;0;0;675;0;0;0;0;0;0;0;0;0;0;0;0;0;0;0;0;0;0;0;0
53;86432;62869;0;5145;6791;7359;0;0;2401;0;0;0;0;0;0;0;0;0;0;0;0;0;0;0;0;0;0;0;0;0;0;0
54;83493;63639;0;13854;6324;7624;0;0;2356;0;0;0;0;0;0;0;0;0;0;0;0;0;0;0;0;0;0;0;0;0;673;309
55;93663;54538;0;23445;7198;12701;0;0;2203;0;0;0;0;0;0;0;0;0;0;0;0;0;0;0;0;0;0;0;0;0;0;0
56;91154;41582;0;11702;6316;12957;0;0;3310;0;0;0;0;0;0;0;0;0;0;0;0;0;0;0;0;0;0;0;0;0;0;681
57;47727;29092;0;6809;5522;31280;0;0;3517;0;0;0;0;0;0;0;0;0;0;0;0;0;0;0;0;0;0;0;0;0;0;0
58;48358;28104;0;2947;4174;34257;0;0;4237;0;0;0;0;0;0;0;0;0;0;0;0;0;0;0;0;0;0;0;0;0;0;0
59;76005;47977;0;0;7567;39751;0;0;5797;0;0;0;0;4120;0;0;0;0;0;0;0;0;0;0;0;0;0;0;0;0;0;0
60;65841;38074;0;4817;7123;61604;444;0;6140;0;0;0;0;0;0;0;0;0;0;0;0;0;0;0;0;0;0;0;0;0;0;2176
61;59304;32329;0;4063;6029;37881;0;0;4261;0;0;0;0;0;0;0;0;0;0;0;0;0;0;0;0;0;0;0;0;0;0;0
62;72719;38140;0;8387;6180;46820;0;0;3173;0;0;0;0;2652;0;0;0;0;0;0;0;0;0;0;0;0;0;0;0;0;0;0
63;76660;43122;0;5426;7521;41949;0;0;5667;0;0;0;0;427;0;0;0;0;0;0;0;0;0;0;0;0;0;0;0;0;0;0
64;55335;31943;0;4332;6256;51895;0;0;5679;0;0;0;0;0;0;0;0;0;0;0;0;0;0;0;0;0;0;0;0;0;0;629
65;55110;32147;0;4111;8128;39877;0;0;5116;0;0;0;0;0;0;0;0;0;0;0;0;0;0;0;0;0;0;0;0;0;0;1939
66;50985;37826;0;3670;8223;37797;0;0;7802;0;0;0;0;0;0;0;0;0;0;0;0;0;0;0;0;0;0;0;0;0;0;0
67;44012;41197;0;2975;4515;36157;563;0;2977;0;0;0;0;0;0;0;0;0;0;0;0;0;0;0;0;0;0;0;0;0;0;0
68;64381;47925;0;3950;9003;39398;805;0;4715;0;0;0;0;0;0;0;0;0;0;0;0;0;0;0;0;0;0;0;0;0;0;386
69;58478;45977;0;6469;9185;44872;109;0;4979;0;0;0;0;0;0;0;0;0;0;0;0;0;0;0;0;0;0;0;0;0;0;125
70;69879;42609;0;5635;6991;45407;432;0;3179;0;0;0;0;0;0;0;0;0;0;0;0;873;0;0;0;0;0;0;0;0;0;238
71;49423;45006;0;4220;6665;34161;1480;0;3515;0;0;0;0;0;0;0;0;0;0;0;0;667;0;0;0;0;0;0;0;0;0;744
72;63003;48674;0;3771;9071;42190;568;0;5375;0;0;0;0;0;0;0;0;0;0;0;0;878;0;0;0;0;0;0;0;0;0;1815
73;56529;40958;0;5405;8532;42260;45;0;2963;0;0;0;0;0;0;0;0;0;0;0;0;1165;0;0;0;0;0;0;0;0;0;1497
74;47943;44756;0;3253;8584;39820;6;0;7067;0;0;482;0;0;0;0;0;0;0;0;0;0;0;0;0;0;0;0;0;0;0;0
75;54925;47216;0;3434;9419;45003;949;0;5554;0;0;0;0;0;0;0;0;0;0;0;0;114;0;0;0;0;0;0;0;0;0;205
76;58445;32321;0;19375;5188;19271;0;1331;1757;0;0;0;0;0;1010;0;0;0;0;0;0;0;0;0;0;0;0;0;0;0;0;663
77;70730;26407;0;21946;5241;41864;0;0;3821;0;0;0;0;0;823;0;0;0;0;803;0;0;0;0;0;0;0;486;0;0;0;0
78;61133;54262;0;7821;7841;6883;0;1516;1805;0;0;0;0;0;567;0;0;0;0;0;0;0;0;0;0;0;0;0;0;0;663;1262
79;64119;48791;0;6347;5562;7608;0;1515;1733;0;0;0;0;0;1349;0;0;0;0;0;0;0;0;0;0;0;0;0;0;0;0;0
80;68537;70874;0;17724;9358;6849;0;0;1696;0;0;0;0;0;962;0;0;0;0;0;0;0;0;0;0;0;0;0;0;0;1166;0
81;68625;52408;0;17273;8591;7042;0;0;1298;0;0;0;0;0;857;0;0;0;0;0;0;0;0;0;0;0;0;0;0;0;0;0
82;62125;59787;0;38198;7396;8538;0;0;2202;0;0;0;1327;0;330;0;0;0;0;0;0;0;995;0;0;0;0;0;0;0;1015;0
83;55264;51444;0;13381;5076;9375;0;0;2832;0;0;0;0;0;0;0;0;0;0;490;0;296;1480;0;0;0;0;0;0;0;0;961
84;33562;18300;0;69988;4328;29145;0;0;2466;0;0;0;0;0;329;0;0;0;0;699;0;0;1363;0;0;0;0;268;0;0;0;1356
85;49807;24823;0;6051;3532;60470;0;0;3788;0;0;0;0;0;1333;0;0;0;0;0;0;0;0;0;0;0;0;0;0;0;0;0
86;42132;23459;0;5372;4356;61845;0;0;5428;0;0;0;0;0;1326;0;0;0;0;0;0;0;0;0;0;0;0;0;0;0;0;1146
87;47112;20138;0;6373;4002;62824;0;0;4682;0;0;0;0;0;1434;0;0;0;0;0;0;0;0;0;0;0;0;0;0;0;0;0
88;55086;53170;0;12462;7476;6655;0;0;1034;0;0;0;0;0;0;0;0;0;0;0;0;0;0;0;0;0;0;0;0;0;0;0
89;79617;68563;0;6205;7308;9139;0;0;2302;0;0;0;0;0;0;0;0;0;0;0;0;0;0;0;0;0;0;0;0;0;0;0
90;52148;71887;0;0;7345;6512;0;0;1932;0;0;0;0;0;0;0;0;0;0;0;0;0;0;0;0;0;0;0;0;0;0;0
91;64858;68166;0;4476;5628;6504;0;0;1776;0;0;0;0;0;0;0;0;0;0;0;0;0;0;0;0;0;0;0;0;0;0;0
92;90150;74380;0;5797;9168;7041;0;0;1956;0;0;0;0;0;0;0;0;0;0;0;0;0;0;0;0;0;0;0;0;0;0;0
93;73415;86515;0;6774;10419;7349;0;0;1867;0;0;0;0;0;0;0;0;0;0;0;0;0;0;0;0;0;0;0;0;0;0;650
94;66317;46224;0;9992;5516;6717;0;0;1286;0;0;0;0;0;0;0;0;0;0;0;0;0;0;0;0;0;0;0;0;0;0;404
95;75703;59855;0;17238;13225;6079;0;0;887;0;0;0;0;0;0;0;0;0;0;0;0;0;0;0;0;0;0;0;0;0;0;0
96;71575;43054;0;13196;5569;6809;0;0;1233;0;0;0;0;0;0;0;0;0;0;0;0;0;0;0;0;0;0;289;0;0;0;0
97;71537;67381;0;10505;14841;5125;0;0;1032;0;0;0;0;0;0;0;0;0;0;0;0;0;0;0;0;0;0;0;0;0;0;0
98;73513;80894;0;7311;7780;5615;0;0;1580;0;0;0;0;0;0;0;0;999;0;0;0;0;0;0;0;0;0;0;0;0;0;0
99;59838;87736;0;7708;8063;4492;0;0;1130;0;0;0;0;0;0;0;0;474;0;0;0;0;0;0;0;0;0;0;0;0;0;0
100;62195;79789;0;6129;6743;5736;0;0;1509;0;0;0;0;0;0;0;0;0;0;0;0;0;0;0;0;0;0;0;0;0;0;351
101;65495;86290;0;8735;7881;5358;0;0;1415;0;0;0;0;0;0;0;0;0;0;0;0;0;0;0;0;0;0;0;0;0;0;0
102;78235;57271;0;8425;6248;7050;0;0;1689;0;0;0;0;0;0;0;0;0;0;0;0;280;0;0;0;0;0;355;0;0;0;0
103;78426;58192;0;7720;7008;9454;0;0;2106;0;0;0;0;0;0;0;0;0;0;0;0;0;943;0;0;0;0;0;0;0;0;0
104;76358;72385;0;7600;9506;8336;0;0;1963;0;0;0;0;0;0;0;0;0;0;0;0;375;0;0;0;0;0;0;0;0;0;0
105;64699;77187;0;7034;6879;5753;0;0;1520;0;0;0;0;0;0;0;0;0;0;0;0;0;0;0;0;0;0;0;0;0;0;0
106;58157;55728;0;5188;7120;6321;0;0;1246;0;0;0;0;0;0;0;0;0;0;0;0;0;0;0;0;0;0;0;0;0;0;0
107;68314;74976;0;8624;8763;6239;0;0;1129;0;0;0;0;0;0;0;0;0;0;0;0;188;0;0;0;0;0;0;0;0;0;0
108;66555;55982;0;7483;6324;7070;0;0;1215;0;0;0;0;0;0;0;0;0;0;0;0;0;0;0;0;0;0;257;0;0;0;0
109;65603;77781;0;5111;5994;5464;0;0;1673;0;0;0;0;0;0;0;1297;0;0;0;0;0;0;0;0;0;0;0;0;0;0;0
110;54170;66715;0;5308;5711;5870;0;0;1550;0;0;0;0;0;0;0;0;0;0;0;0;0;0;0;0;0;0;0;0;0;0;0
111;61414;75258;0;6994;8050;5569;0;0;1202;0;0;0;0;0;0;0;0;0;0;0;0;0;442;0;0;0;0;0;0;0;0;0
112;64985;84058;0;8065;9520;6568;0;0;1598;0;0;0;0;0;0;0;0;0;0;0;0;0;0;0;0;0;0;0;0;0;0;0
113;63567;85994;0;6310;8460;5207;0;0;1427;0;0;0;0;0;0;0;0;0;0;0;0;0;0;0;0;0;0;0;0;0;0;0
114;79615;63622;0;5884;5716;6301;0;0;1344;0;0;0;0;0;0;0;0;0;0;0;0;0;0;0;0;0;0;0;0;0;0;0
115;71413;51285;0;5168;6006;5564;0;0;1291;0;0;0;0;0;0;0;0;0;0;0;0;0;0;0;0;0;0;0;0;0;0;0
116;80328;41821;0;5884;3951;8936;0;0;1571;0;0;0;0;1310;0;0;0;0;0;0;0;0;0;0;0;0;0;0;0;0;0;0
117;70299;28066;0;2942;2625;7621;0;0;2246;0;0;0;0;0;0;0;0;0;0;0;0;371;0;0;0;0;0;0;0;0;0;0
118;95580;43411;0;9668;4344;9108;0;0;1905;0;0;0;0;0;0;0;0;0;0;0;0;274;0;0;0;0;0;0;0;0;0;0
119;81810;51021;0;6385;5149;7918;0;0;1326;0;0;0;0;1477;0;0;0;0;0;0;0;377;0;0;0;0;0;0;0;0;0;0
120;72664;34099;0;4186;3692;7603;0;0;1862;0;0;0;0;0;0;0;0;0;0;0;0;328;0;0;0;0;0;0;0;0;0;0
121;77708;60530;0;8987;5365;7373;0;0;1209;0;0;0;0;0;0;0;0;0;0;0;0;0;460;0;0;0;0;0;0;0;0;0
122;74750;41620;0;4094;4859;7285;0;0;1612;0;0;0;0;0;0;0;0;0;0;0;0;0;0;0;0;0;0;0;0;0;0;0
123;83905;49192;0;5608;4654;7397;0;0;1627;0;0;0;0;0;0;0;0;0;0;0;0;275;0;0;0;0;0;0;0;0;0;0
124;83649;37012;0;3733;3467;9496;0;0;2206;0;0;0;0;0;0;0;0;0;0;0;0;616;0;0;0;0;0;0;0;0;0;0
125;58301;78554;0;5028;5752;4424;0;0;1075;0;0;388;0;0;0;0;0;0;0;0;0;0;0;0;0;0;0;0;0;0;0;0
126;91918;51512;0;4245;4168;8348;0;0;1678;1801;0;0;0;0;0;0;0;0;0;0;0;214;0;0;0;0;0;0;0;0;0;110
127;50880;87251;0;6070;6232;4386;0;0;785;0;0;0;0;0;0;0;0;0;0;0;0;0;0;0;0;0;0;0;0;0;0;0
128;55269;78626;0;6224;6988;4387;0;0;919;0;0;0;0;0;0;0;0;0;0;0;0;0;0;0;0;0;0;0;0;0;0;0
129;70456;64892;0;4760;5814;4588;0;0;1128;0;0;0;0;0;0;0;0;0;0;0;0;0;0;0;0;0;0;0;0;0;0;0
130;70175;69638;0;14169;8666;4381;0;0;690;0;0;0;0;0;0;0;0;0;0;0;0;0;0;0;0;0;0;0;0;0;0;472
131;63717;84140;0;6619;6324;5301;0;0;1329;0;0;0;0;0;0;0;0;0;0;0;0;0;0;0;0;0;0;0;0;0;0;0
132;69739;87555;0;7422;8125;6365;0;0;0;0;0;0;0;0;0;0;0;0;0;0;0;0;0;0;0;0;0;0;0;0;0;0
133;92287;73853;0;12742;5253;8281;0;0;1563;0;0;860;0;0;0;0;0;0;0;0;0;0;0;0;0;0;0;0;0;0;0;505
134;85908;74103;0;5319;6476;6894;0;0;1991;0;0;0;0;0;0;0;0;0;0;0;0;0;0;0;0;0;0;0;0;0;0;0
135;76641;65858;0;4071;5845;5774;0;0;1666;0;0;0;0;1497;0;0;0;0;0;0;0;0;0;0;0;0;0;0;0;0;0;0
136;66665;53607;0;4990;6165;4800;0;0;1331;0;0;1318;0;0;0;0;0;0;0;0;0;0;0;0;0;0;0;0;0;0;0;0
137;63922;83914;0;6066;6648;5403;0;0;1612;0;0;879;0;2107;0;0;0;0;0;0;0;0;0;0;0;0;0;0;0;0;0;0
138;57815;101231;0;7278;8137;5944;0;0;1695;0;0;0;0;2254;0;0;0;0;0;0;0;0;0;0;0;0;0;0;0;0;0;0
139;87664;58191;0;4757;5944;6837;0;0;2129;1988;0;0;0;0;0;0;0;0;0;0;0;188;0;0;0;0;0;0;0;0;0;0
140;76854;45344;0;7166;7502;6506;0;0;1338;1858;0;0;0;0;0;0;0;0;0;0;0;220;0;0;0;0;0;0;0;0;0;0
141;94985;51120;0;8786;4071;9497;0;0;1883;0;0;0;0;0;0;0;0;0;0;0;0;316;0;0;0;0;0;0;0;0;0;0
142;85964;37096;0;5058;3487;9738;0;1558;1503;0;0;0;0;0;0;0;0;0;0;0;0;268;0;0;0;0;0;0;0;0;0;0
143;88227;45968;0;8020;4728;7616;0;0;1520;0;0;0;0;0;0;0;0;0;0;0;0;335;0;0;0;0;0;0;0;0;0;312
144;88135;44293;0;6088;3907;8271;0;0;1622;0;0;0;0;0;0;0;0;0;0;0;0;0;0;0;0;0;0;0;0;0;0;0
145;88471;51073;0;7934;4957;7076;0;0;1940;0;0;0;0;0;0;0;0;0;0;0;0;0;0;0;0;0;0;0;0;0;0;0
146;100141;59652;0;4195;8038;7690;0;0;2026;0;0;0;0;0;0;0;0;0;0;0;0;0;366;0;0;0;0;0;0;0;0;0
147;73123;82445;0;5946;8518;6536;0;0;1534;0;0;0;0;0;0;0;0;0;0;0;0;0;0;0;0;0;0;0;0;0;0;0
148;56141;94975;0;3341;4006;4802;0;0;1245;0;0;0;0;0;0;0;0;0;0;0;0;0;0;0;0;0;0;0;0;0;0;0
149;73703;70260;0;6097;8240;6415;0;1462;1328;1694;0;0;0;0;0;0;0;0;0;0;0;0;0;0;0;0;0;0;0;0;0;0
150;61628;83289;0;4665;6322;6198;0;0;1823;0;0;0;0;0;0;0;0;0;0;0;0;0;0;0;0;0;0;0;0;0;0;0
151;76312;66020;0;3387;6038;6617;0;0;2357;0;0;0;0;0;0;0;0;0;0;0;0;0;0;0;0;0;0;0;0;0;0;0
152;35561;49485;0;2958;6882;30722;0;0;6682;0;0;0;0;0;1083;0;0;0;0;0;0;0;0;0;0;0;0;0;0;0;0;517
153;47265;42028;0;5658;7500;34219;0;0;4294;0;0;0;0;0;880;0;0;0;0;0;0;0;0;0;0;0;379;0;0;0;0;1145
154;53181;38545;0;10787;7141;33881;0;0;3502;0;0;0;0;0;1135;0;0;0;0;1026;0;0;0;0;0;0;373;0;0;0;0;1110
155;51962;61178;0;4025;9710;37850;0;0;7966;0;0;0;0;0;1366;0;0;0;0;0;0;0;0;0;0;0;0;0;0;0;0;1442
156;36919;62840;0;6669;11629;34857;0;0;11199;0;0;0;0;0;2190;0;0;0;0;0;0;120;0;0;0;0;397;0;0;0;0;129
157;39183;68306;0;5278;15386;43847;0;0;12120;0;0;0;0;0;971;0;0;0;0;0;0;0;0;0;0;0;0;0;0;0;0;0
158;34644;67930;0;6937;12120;44838;0;0;12148;0;0;0;0;0;2715;0;0;0;0;0;0;0;0;0;0;0;0;0;0;0;0;0
159;33172;68426;0;5798;12042;32651;0;0;12966;0;0;0;0;0;2073;0;0;0;0;0;0;0;0;0;0;0;0;0;0;0;0;0
160;50320;57931;0;6158;7367;30117;0;0;3776;0;0;0;0;0;939;0;0;0;0;0;0;0;0;0;0;0;0;0;0;0;0;0
161;42670;57180;0;12601;12521;32050;0;0;7214;0;0;0;0;0;1981;0;0;0;0;0;0;524;0;0;0;0;506;0;0;0;0;0
162;36727;66965;0;3992;14380;37394;0;0;10081;0;0;0;0;0;1510;0;0;0;0;0;0;0;0;0;0;0;0;0;523;0;929;0
163;44240;43711;0;5882;10781;41369;0;3093;4582;0;0;0;0;0;1998;0;0;0;0;0;0;0;0;0;0;0;0;0;0;0;0;0
164;37869;61734;0;3611;9548;34999;0;1540;8198;0;0;0;0;0;582;0;0;0;0;0;0;0;0;0;0;0;0;0;0;0;0;0
165;36910;74778;0;3799;19446;40790;0;0;12769;0;0;3293;0;0;1700;0;0;0;0;0;0;0;0;0;0;0;0;0;116;0;585;0
166;44886;60281;0;4290;9751;44680;0;1267;6413;0;0;1563;0;0;1294;0;0;0;0;0;0;0;0;0;0;0;0;0;0;0;0;0
167;41200;58988;0;5684;10685;36462;0;0;7808;0;0;2578;0;0;0;0;0;0;0;0;0;0;0;0;0;0;0;0;0;0;0;0
168;75533;51807;0;6734;7112;7104;0;0;2096;0;0;0;0;0;0;0;0;0;0;0;0;0;0;0;0;0;0;0;0;0;0;0
169;85117;51470;0;13119;6619;9718;0;0;1884;0;0;0;0;0;0;0;0;0;0;0;0;480;0;0;0;0;0;0;0;0;0;0
170;75269;49882;0;4283;5699;6514;0;0;2402;0;0;0;0;0;0;0;0;0;0;0;0;0;0;0;0;0;0;0;0;0;1467;0
171;76040;51474;0;6776;7328;7402;0;0;2608;0;0;0;0;0;0;0;0;0;0;0;0;0;0;0;0;0;0;0;0;0;0;0
172;67136;51653;0;5685;5423;6826;0;1858;1517;0;0;0;0;0;0;0;0;0;0;0;0;0;0;0;0;0;0;0;0;0;0;1102
173;66250;63801;0;6959;7130;7321;0;0;3648;0;0;2019;0;0;0;0;0;0;0;0;0;0;0;0;0;0;0;0;0;0;0;0
174;73793;64468;0;8976;12205;8081;0;0;2870;0;0;0;0;0;0;0;0;0;0;0;0;0;0;0;0;0;0;0;0;0;0;0
175;54765;72048;0;5238;5653;4989;0;0;1967;0;0;0;0;0;0;0;0;0;0;0;0;0;0;0;0;0;0;0;0;0;0;39545
176;51838;65756;0;7409;13207;5614;0;0;1925;0;0;0;0;0;0;0;0;0;0;0;0;0;0;0;0;0;0;0;0;0;0;0
177;80828;78156;0;7251;7788;7439;0;0;4176;0;0;0;0;0;0;0;0;0;0;0;0;0;0;0;0;0;0;0;0;0;0;1039
178;62690;81513;0;8924;9347;5502;0;0;2256;0;0;0;0;0;0;0;0;0;0;0;0;0;0;0;0;0;0;0;0;0;0;1383
179;60916;56861;0;6395;6005;5473;0;0;1919;0;0;0;0;0;653;0;0;0;0;0;0;0;0;0;0;0;0;0;0;0;0;0
180;79621;77996;0;6938;7767;8420;0;0;3368;0;0;0;0;0;0;0;0;0;0;0;0;0;0;0;0;0;0;0;0;0;0;0
181;50418;80848;0;11988;8411;4806;0;0;1894;0;0;0;0;0;0;0;0;0;0;0;0;0;0;0;0;0;0;0;0;0;0;0
182;52850;49510;0;12650;7603;7783;0;0;2408;0;0;0;0;0;0;0;0;0;0;0;0;0;0;0;0;0;0;0;0;0;0;0
183;52063;57539;0;28925;6591;7188;0;0;1957;0;0;0;0;0;0;0;0;0;0;0;0;0;0;0;0;0;0;0;0;0;0;0
184;62419;48321;0;8100;4957;5736;0;0;2475;0;0;588;0;0;0;0;0;0;0;0;0;0;0;0;0;0;0;0;0;0;0;0
185;66517;72653;0;9325;7990;7193;0;0;2637;0;0;0;0;0;0;0;0;0;0;0;0;0;0;0;0;0;0;0;0;0;0;0
186;80289;67498;0;14557;6584;6955;0;0;2039;0;0;966;0;0;0;0;0;0;0;0;0;359;0;0;0;0;0;0;0;0;0;0
187;76617;76696;0;8882;9421;7275;0;0;2912;0;0;0;0;0;0;0;0;0;0;0;0;0;0;0;0;1011;0;0;0;0;0;0
188;64837;68835;0;5946;5953;5177;0;0;2541;0;0;0;0;1857;0;0;0;0;0;0;0;0;0;0;0;0;0;0;0;0;0;0
189;46127;57982;0;3824;7455;32141;0;0;5134;0;0;0;0;2559;0;0;0;0;0;0;0;0;0;0;0;0;0;0;0;0;0;0
190;53696;43695;0;4412;7301;34133;0;0;6008;0;0;0;0;0;0;0;0;0;0;0;0;789;0;0;0;0;0;0;0;0;0;2126
191;44638;46738;0;4391;7596;41234;0;0;6824;0;0;0;0;0;0;0;0;0;0;0;0;0;0;0;0;0;0;0;0;0;0;0
192;60384;47115;0;4171;7598;34761;0;0;7118;0;0;1085;0;0;0;0;0;0;0;0;0;0;0;0;0;0;0;0;0;0;0;0
193;52304;45728;0;12553;6801;43520;0;0;5145;0;0;0;0;0;0;0;0;0;0;0;0;0;0;0;0;0;0;0;0;0;0;0
194;59508;45982;0;9155;10970;55080;0;0;6529;0;0;0;0;0;0;0;0;0;0;0;0;0;0;0;0;0;0;0;0;0;0;0
195;42586;44714;0;3661;7289;36507;0;0;6406;0;0;0;0;0;0;0;0;0;0;0;0;0;0;0;0;0;0;0;0;0;0;0
196;53561;46818;0;4687;8850;46099;0;0;8520;0;0;0;0;0;0;0;0;0;0;0;0;806;0;0;0;0;0;0;0;0;0;8131
197;47046;41833;0;4981;8108;44753;0;0;5780;0;0;0;0;2412;0;0;0;0;0;0;0;0;0;0;0;0;0;0;0;0;0;0
198;82753;81308;0;4324;7492;7276;0;0;2042;0;0;1750;0;0;0;0;0;0;0;0;0;0;0;0;0;0;0;0;0;0;0;0
199;53578;73883;0;5748;8697;5616;0;0;1512;0;0;0;0;0;0;0;0;0;0;0;0;0;0;0;0;0;0;0;0;0;0;0
200;58645;67876;0;8120;6888;6287;0;0;1624;0;0;0;0;0;0;0;0;0;0;0;0;0;0;0;0;0;0;0;0;0;0;0
201;45617;69904;0;5633;10584;6133;0;0;1673;0;0;0;0;0;0;0;0;0;0;0;0;0;0;0;0;0;0;0;0;0;0;0
202;60167;62007;0;5603;6531;6734;0;0;2332;0;0;0;0;0;0;0;0;0;0;0;0;0;0;0;0;0;0;0;0;0;0;837
203;47087;63253;0;4923;7443;4875;0;0;1614;0;0;0;0;0;0;0;0;0;0;0;0;0;0;0;0;0;0;0;0;0;0;0
204;56943;60422;0;7863;6210;6141;0;0;1561;0;0;0;0;0;0;0;0;0;0;0;0;0;0;0;0;0;0;0;0;0;0;1016
205;62825;76418;0;6245;7497;7094;0;0;2486;0;0;1381;0;0;0;0;0;0;0;0;0;0;0;0;0;0;0;0;0;0;0;0
206;79760;76345;0;11235;16930;7204;0;0;2382;0;0;0;0;0;0;0;0;0;0;0;0;0;0;0;0;0;0;0;0;0;0;935
207;70456;57443;0;5931;9492;7003;0;0;3475;0;0;0;0;0;0;0;0;0;0;0;0;0;0;0;0;0;0;0;0;0;0;0
208;71775;65848;0;5885;7331;7509;0;4639;2444;0;0;0;0;0;0;0;0;0;0;0;0;437;0;0;0;0;0;0;0;0;0;0
209;66113;77707;0;8319;7949;6708;0;3496;1700;0;0;1405;0;0;0;0;0;0;0;0;0;0;0;0;0;0;0;0;0;0;0;0
210;77325;61781;0;7596;8687;14464;0;0;4922;0;0;0;0;0;0;0;0;0;0;0;0;0;0;0;0;0;0;0;0;0;0;0
211;51556;59788;0;4550;8801;11572;0;0;4624;0;0;0;0;0;0;0;0;0;0;0;0;0;0;0;0;0;0;0;0;0;0;0
212;61710;70851;0;7794;10276;6413;0;3418;2090;0;0;1317;0;0;0;0;0;0;0;0;0;0;0;0;0;0;0;0;0;0;0;0
213;25111;0;79539;6451;5514;3006;0;0;2280;0;0;0;0;0;1020;0;0;0;0;0;0;0;0;0;0;0;0;0;0;0;0;0
214;35731;0;83991;10767;7708;3698;0;0;2038;0;0;0;0;0;0;0;0;0;0;0;0;0;0;0;0;0;0;0;0;0;0;0
215;36283;0;87477;12064;8665;4473;0;0;2139;0;0;0;0;0;0;3665;0;0;0;0;0;0;0;0;0;0;0;0;0;0;0;0
216;52329;0;108897;15698;12199;4764;0;0;2466;0;0;0;0;0;0;0;0;0;0;0;0;0;0;0;0;0;0;0;0;0;0;0
217;40630;0;121771;7741;4709;5075;0;0;2735;0;0;0;0;2132;0;0;0;0;0;0;0;0;0;0;0;0;0;0;0;0;0;0
218;65893;0;61739;8337;7272;3959;0;0;1334;0;0;0;0;1207;260;716;0;0;0;0;0;0;0;0;0;0;0;0;0;0;0;0
219;61036;0;73067;14060;12650;4833;0;0;1563;0;0;0;0;0;1089;0;0;0;0;0;0;0;0;0;0;0;0;0;0;0;0;0
220;56508;0;67133;12470;9134;4099;0;0;1363;0;0;0;0;1518;441;0;0;0;0;0;0;0;0;0;0;0;0;0;0;0;0;0
221;65603;0;71321;13180;8098;4768;0;0;1552;0;0;0;0;1720;381;0;0;0;0;0;0;0;0;0;0;0;0;374;0;0;0;0
222;56830;0;98674;14555;11630;3750;0;0;1834;0;0;0;0;0;0;0;0;0;0;0;0;0;0;0;0;0;0;0;0;0;0;0
223;37351;0;102768;12159;7045;3598;0;4151;1267;0;0;0;0;0;454;0;0;0;0;0;0;0;0;0;0;0;0;0;0;0;1741;0
224;43843;0;119161;14839;15733;3858;0;0;2230;0;0;0;0;0;0;0;0;0;0;0;0;0;0;0;0;0;0;0;0;0;0;0
225;33582;0;99041;9390;5567;4102;0;0;2373;0;0;1036;0;0;0;0;0;0;0;0;0;0;0;0;0;0;0;0;0;0;0;0
226;41229;0;114756;15068;9166;5068;0;0;2278;0;0;0;0;0;0;3754;0;0;0;0;0;0;0;0;0;0;0;0;0;0;0;1714
227;25586;0;65555;3204;6206;3603;0;0;3313;0;0;0;0;0;0;0;0;0;0;0;0;0;0;0;0;0;0;0;0;0;0;0
228;40546;0;107698;12223;12895;5195;0;0;4118;0;0;0;0;0;0;0;0;0;0;0;0;0;0;0;0;0;0;0;0;0;0;0
229;27765;0;76236;6429;12927;4142;0;0;2801;0;0;0;0;0;0;0;0;0;0;0;0;0;0;0;0;0;0;0;0;0;0;0
230;25816;0;75543;4643;5390;0;0;0;3349;0;0;0;0;0;1554;0;0;0;0;0;0;0;0;0;0;0;0;0;0;0;0;0
231;24953;0;85192;3813;4210;3731;0;0;3390;0;0;0;0;0;0;0;0;0;0;0;0;0;0;0;0;0;0;0;0;0;0;0
232;41223;0;96174;8094;7146;5110;0;0;3617;0;0;0;0;0;0;2093;0;0;0;0;0;0;0;0;0;0;0;0;0;0;0;0
233;50566;0;94356;11152;8392;5309;0;0;2819;0;0;0;0;2710;474;2346;0;0;0;0;0;0;0;0;0;0;0;0;0;0;0;0
234;44381;0;91714;4860;4773;5300;0;0;4600;0;0;0;0;0;0;0;0;0;0;0;0;0;0;0;0;0;0;0;0;0;0;2103
235;36454;0;64110;3142;3735;3477;0;0;2271;0;0;0;0;0;0;1263;0;0;0;0;0;0;0;0;0;0;0;0;0;0;0;17944
236;31777;0;76536;13782;7137;0;0;0;4201;0;0;0;0;0;0;0;0;0;0;0;0;0;0;0;0;0;0;0;0;0;0;0
237;36352;0;70928;5396;6703;3808;0;0;2421;0;0;881;0;0;0;0;0;0;0;0;0;0;0;0;0;0;0;0;0;0;0;0
238;41705;0;65352;6580;4803;4073;0;0;3175;0;0;0;0;0;0;0;0;0;0;0;0;0;0;0;0;0;0;0;0;0;0;0
239;51635;0;69788;4623;4601;5289;0;0;3224;0;0;0;0;0;0;0;0;0;0;0;0;0;0;0;0;0;0;0;0;0;0;0
240;35160;0;81041;5226;4991;4308;0;0;4241;0;0;0;0;0;0;0;0;0;0;0;0;0;0;0;0;0;0;0;0;0;0;0
241;55329;0;100090;9851;7475;5171;0;0;4213;0;0;2214;0;0;0;0;0;0;0;0;0;0;0;0;0;0;0;0;0;0;0;0
242;54726;0;65612;7203;4913;3113;0;0;1799;0;0;564;0;0;477;0;0;0;0;0;0;0;0;0;0;0;0;0;0;0;0;0
243;65014;0;92017;10319;7896;7913;0;0;4580;0;0;0;0;0;0;0;0;0;0;0;0;0;0;0;0;0;0;0;0;0;0;0
244;55046;0;57917;9878;5317;5780;0;0;2283;0;0;638;0;0;0;907;0;0;0;0;0;218;0;0;0;0;0;0;0;0;0;0
245;52523;0;59510;7411;5433;5320;0;0;2968;0;0;820;0;0;0;1303;0;0;0;0;0;0;0;0;0;0;0;0;0;0;0;0
246;60277;0;91633;9557;7968;5511;0;0;3227;0;0;1437;0;0;0;0;0;0;0;0;0;0;0;0;0;0;0;0;0;0;0;0
247;37309;0;73957;16105;6897;4227;0;0;2601;0;0;0;0;0;0;0;0;0;0;0;0;0;0;0;0;0;0;0;0;0;0;0
248;41885;0;98772;10539;7778;7465;0;0;4238;0;0;1175;0;0;0;0;0;0;0;0;0;0;0;0;0;0;0;0;0;0;0;0
249;44689;0;88171;9202;6103;0;0;3390;1821;0;0;941;0;0;0;0;0;0;0;0;0;0;0;0;0;0;0;0;0;0;933;0
250;42937;0;82989;7797;6483;9848;0;0;3397;0;0;0;0;0;0;0;0;0;0;0;0;0;0;0;0;0;0;0;0;0;0;0
251;56719;0;82915;15157;8636;5736;0;4444;935;0;0;1241;0;0;0;0;0;0;0;0;0;0;0;0;0;0;0;0;0;0;0;0
252;41290;0;72284;17462;7393;5280;0;0;2257;0;0;0;0;0;877;0;0;0;0;0;0;0;0;0;0;0;0;0;0;0;0;0
253;41804;0;112956;13159;10866;5007;0;0;3468;0;0;0;0;0;0;0;0;0;0;0;0;0;0;0;0;0;0;0;0;0;0;1266
254;32778;0;87740;8154;8950;3883;0;0;3108;0;0;0;0;0;0;0;0;0;0;0;0;0;0;0;0;0;0;0;0;0;0;0
255;43541;0;99959;11833;10813;5453;0;0;4305;0;0;0;0;0;0;0;0;0;0;0;0;0;0;0;0;0;0;0;0;0;0;0
256;34349;0;103030;14162;8943;4707;0;0;2212;0;0;0;0;0;0;0;0;0;0;0;0;0;0;0;0;0;0;0;0;0;0;0
257;34467;0;110880;12241;12640;5055;0;0;3655;0;0;0;0;0;0;0;0;0;0;0;0;0;0;0;0;0;0;0;0;0;2531;498
258;55393;56243;0;14870;9599;4255;0;0;987;0;1099;583;0;0;279;0;0;0;0;0;0;0;0;0;0;0;0;0;0;0;0;344
259;57524;54297;0;9089;5839;6448;0;0;1616;0;1227;0;0;0;288;0;0;0;0;0;0;376;0;0;0;0;0;0;0;0;0;0
260;63778;96605;0;13908;9621;4791;0;0;2866;0;0;2058;0;0;0;0;0;0;0;0;0;452;0;0;0;0;0;0;0;0;0;0
261;51793;61861;0;8742;4063;3739;0;0;1897;0;0;0;0;0;0;0;0;0;0;0;0;0;0;0;0;0;0;0;0;0;0;0
262;54989;77838;0;14650;8136;4261;0;0;2569;0;0;0;0;0;0;0;0;0;0;0;0;0;0;0;0;0;0;0;0;0;0;0
263;50859;67443;0;6956;5985;5278;0;0;3011;0;0;0;0;0;0;0;0;0;0;0;0;0;0;0;0;0;0;0;0;0;0;0
264;68120;81488;0;7645;9344;4296;0;0;2542;0;0;0;0;0;0;0;0;0;0;0;0;425;0;0;0;0;0;0;0;0;0;0
265;55972;75355;0;14228;7499;5168;0;0;2346;0;2105;0;0;0;0;0;0;0;0;0;0;0;0;0;0;0;0;0;0;0;0;0
266;60239;81743;0;11593;12581;4693;0;0;3259;0;1909;0;0;0;0;0;0;0;0;0;0;0;0;0;0;0;0;0;0;0;0;0
267;60353;90333;0;10059;7918;6082;0;0;4157;0;0;0;0;0;0;0;0;0;0;0;0;550;0;0;0;0;0;0;0;0;0;0
268;51836;75371;0;11577;11513;5578;0;0;3619;0;0;2564;0;0;0;0;0;0;0;0;0;0;0;0;0;0;0;0;0;0;0;0
269;46519;65471;0;9366;6129;4422;0;0;2178;0;0;0;0;0;0;0;0;0;0;0;0;0;0;0;0;0;0;0;0;0;0;0
270;58375;85134;0;8794;9146;9162;0;0;0;0;0;0;0;0;0;0;0;0;0;0;0;0;0;0;0;0;0;0;0;0;0;0
271;58201;61000;0;13478;6288;6333;0;0;2241;0;0;0;0;0;0;0;0;0;0;0;0;0;0;0;0;0;0;0;0;0;0;0
272;57983;78578;0;9599;8182;4446;0;0;2415;0;0;1532;0;0;0;0;0;0;0;0;0;0;0;0;0;0;0;0;0;0;0;0
273;53604;76326;0;9092;8105;5313;0;0;2311;0;0;0;0;0;0;0;0;0;0;0;0;0;0;0;0;0;0;0;0;0;0;0
274;64692;65242;0;18704;12366;5064;0;0;2369;0;0;0;0;0;0;0;0;0;0;0;0;0;0;0;0;0;0;0;0;0;0;0
275;65730;53513;0;8293;6579;8984;0;0;0;0;0;0;0;0;0;0;0;0;0;0;0;0;0;0;0;0;0;0;0;0;0;0
276;49188;88525;0;8170;6585;5048;0;0;3291;0;0;0;0;3461;0;0;0;0;0;0;0;0;0;0;0;0;0;0;0;0;0;0
277;56346;72382;0;8876;6931;5300;0;0;2987;0;0;0;0;0;0;0;0;0;0;0;0;0;0;0;0;0;0;0;0;0;0;0
278;51873;72516;0;6503;7210;4776;0;0;3012;0;0;0;0;2923;0;0;0;0;0;0;0;0;0;0;0;0;0;0;0;0;0;0
279;57135;77861;0;8992;12296;6439;0;0;3280;0;0;0;0;0;0;0;0;0;0;0;0;0;0;0;0;0;0;0;0;0;0;0
280;45838;74513;0;8023;11449;4813;0;0;3117;0;0;3567;0;0;0;0;0;0;0;0;0;0;0;0;0;0;0;0;0;0;0;0
281;73278;55922;0;17809;6180;6964;0;0;1427;0;0;0;0;0;0;0;0;0;0;0;0;0;874;0;0;0;0;0;0;0;0;0
282;72553;66109;0;10474;8070;5116;0;0;2300;0;0;1519;0;0;0;0;0;0;0;0;0;0;0;0;0;0;0;0;0;0;0;0
283;57250;70646;0;14050;7380;5419;0;0;2444;0;0;0;0;0;0;0;0;0;0;0;0;0;0;0;0;0;0;0;0;0;0;0
284;46271;74953;0;10415;7552;5834;0;0;2487;0;0;949;0;0;0;0;0;0;0;0;0;0;0;0;0;0;0;0;0;0;0;0
285;39405;78062;0;9064;13768;0;0;0;3681;0;0;0;0;5473;0;0;0;0;0;0;0;0;0;0;0;0;0;0;0;0;0;0
286;38925;64716;0;9314;7819;0;0;0;3639;0;0;1682;0;0;0;0;0;0;0;0;0;0;0;0;0;0;0;0;0;0;0;0
287;46713;64745;0;13065;15504;5420;0;0;2129;0;0;0;0;0;0;0;0;0;0;0;0;0;0;0;0;0;0;0;0;0;0;0
288;49759;62042;0;9556;7959;0;0;0;2235;0;0;1433;0;0;0;0;0;0;0;0;0;0;0;0;0;0;0;0;0;0;0;0
289;49715;75189;0;11926;8227;5023;0;0;2500;0;0;0;0;0;0;0;0;0;0;0;0;484;0;0;0;0;0;0;0;0;0;0
290;55513;62391;0;14219;5446;4759;0;0;2147;0;0;0;0;0;0;0;0;0;0;0;0;0;0;0;0;0;0;0;0;0;0;875
291;55352;82007;0;12635;8591;4826;0;0;2770;0;0;0;0;0;0;0;0;0;0;0;0;0;0;0;0;0;0;0;0;0;0;2067
292;23508;65280;0;17063;9284;2692;0;0;2624;0;0;0;0;0;0;0;0;0;0;0;0;0;0;0;0;0;0;0;0;0;0;2343
293;36868;63447;0;13999;6977;3601;0;0;1765;0;0;926;0;207;0;0;0;0;0;0;0;0;0;0;0;0;0;0;0;0;0;0
294;35480;69304;0;15959;7781;3846;0;0;1790;0;0;811;0;282;0;0;0;0;0;0;0;0;0;0;0;0;0;0;0;0;0;532
295;36265;76504;0;7819;7710;4099;0;0;2839;0;0;0;0;3064;0;0;0;0;0;0;0;0;0;0;0;0;0;0;0;0;0;0
296;53035;47057;0;5576;5266;41428;0;0;2434;0;0;0;0;3072;0;0;0;0;0;0;0;223;0;0;0;0;0;0;0;0;0;0
297;67981;60495;0;4915;5867;22956;0;0;2802;0;0;0;0;3321;0;0;0;0;0;0;0;0;0;0;0;0;0;0;0;0;0;0
298;56256;55358;0;4085;5482;20838;0;0;2498;0;0;0;0;4300;0;0;0;0;0;0;0;0;0;0;0;0;0;0;0;0;0;0
299;63167;51579;0;4400;5413;24287;0;0;3186;0;0;0;0;5246;0;0;0;0;0;0;0;0;0;0;0;0;0;0;0;0;0;226
